NAME,STATE,DISTRICT,PARTY,EXPERIENCE,CHAMBER,VOTING_MEMBER,LEADERSHIP_PAC_1,LEADERSHIP_PAC_2,LEADERSHIP_PAC_3,LEADERSHIP_PAC_4,LEADERSHIP_PAC_1_ID,LEADERSHIP_PAC_1_NAME,LEADERSHIP_PAC_2_ID,LEADERSHIP_PAC_2_NAME,LEADERSHIP_PAC_3_ID,LEADERSHIP_PAC_3_NAME,LEADERSHIP_PAC_4_ID,LEADERSHIP_PAC_4_NAME
"Carl, Jerry L.",Alabama,1,Republican,incumbent,House,Y,Y,N,N,N,C00752287,Conservative American Republican Leadership PAC,,,,,,
"Moore, Barry",Alabama,2,Republican,incumbent,House,Y,Y,N,N,N,C00784868,TRUSTWORTHY REPUBLICANS ALWAYS SERVE HUMBLY,,,,,,
"Rogers, Mike D.",Alabama,3,Republican,incumbent,House,Y,Y,N,N,N,C00439521,American Security PAC,,,,,,
"Aderholt, Robert B.",Alabama,4,Republican,incumbent,House,Y,Y,N,N,N,C00487942,Reaching for a Brighter America PAC,,,,,,
"Strong, Dale W.",Alabama,5,Republican,freshman,House,Y,Y,N,N,N,C00823500,SECURING THE REPUBLIC FOR OUR NEXT GENERATION,,,,,,
"Palmer, Gary J.",Alabama,6,Republican,incumbent,House,Y,Y,N,N,N,C00585893,Conservative Promises PAC,,,,,,
"Sewell, Terri A.",Alabama,7,Democratic,incumbent,House,Y,Y,N,N,N,C00525030,TERRI PAC,,,,,,
"Britt, Katie Boyd",Alabama,At Large,Republican,freshman,Senate,Y,Y,N,N,N,C00821058,ALABAMA FIRST PAC,,,,,,
"Tuberville, Tommy",Alabama,At Large,Republican,incumbent,Senate,Y,Y,N,N,N,C00762260,Coach PAC,,,,,,
"Peltola, Mary Sattler",Alaska,At Large,Democratic,incumbent,House,Y,Y,N,N,N,C00831545,CACHE PAC,,,,,,
"Murkowski, Lisa",Alaska,At Large,Republican,incumbent,Senate,Y,Y,N,N,N,C00438291,Denali Leadership PAC,,,,,,
"Sullivan, Dan",Alaska,At Large,Republican,incumbent,Senate,Y,Y,N,N,N,C00571000,True North PAC,,,,,,
"Radewagen, Aumua Amata Coleman",American Samoa,At Large,Republican,incumbent,House,N,Y,N,N,N,C00479378,CONCERNED CITIZENS COMING TO A CONSENSUS ON CULTURAL AND COMMERCE CHALLENGES,,,,,,
"Schweikert, David",Arizona,1,Republican,incumbent,House,Y,Y,N,N,N,C00497594,Defending America's Values Everywhere,,,,,,
"Crane, Elijah ",Arizona,2,Republican,freshman,House,Y,Y,N,N,N,C00827675,TRIDENT POLITICAL ACTION COMMITTEE,,,,,,
"Gallego, Ruben",Arizona,3,Democratic,incumbent,House,Y,Y,N,N,N,C00576975,LLEGO-PAC,,,,,,
"Stanton, Greg",Arizona,4,Democratic,incumbent,House,Y,Y,N,N,N,C00758862,GETTING RESULTS BY ENGAGING THE GRASSROOTS (GREG PAC),,,,,,
"Biggs, Andy",Arizona,5,Republican,incumbent,House,Y,Y,N,N,N,C00633164,Building Innovative Good Government Solutions PAC,,,,,,
"Ciscomani, Juan",Arizona,6,Republican,freshman,House,Y,Y,N,N,N,C00822833,DEFENDING THE AMERICAN DREAM PAC,,,,,,
"Grijalva, Ra√∫l M.",Arizona,7,Democratic,incumbent,House,Y,Y,N,N,N,C00426965,Livable Communities PAC,,,,,,
"Lesko, Debbie",Arizona,8,Republican,incumbent,House,Y,Y,N,N,N,C00681643,DELIVER. EXCEL. BELIEVE. PAC DEB PAC,,,,,,
"Gosar, Paul A.",Arizona,9,Republican,incumbent,House,Y,Y,N,N,N,C00563247,Protecting America Under Law,,,,,,
"Kelly, Mark",Arizona,At Large,Democratic,incumbent,Senate,Y,Y,N,N,N,C00785816,LIFTOFF PAC,,,,,,
"Sinema, Kyrsten",Arizona,At Large,Independent,incumbent,Senate,Y,Y,N,N,N,C00571182,Getting Stuff Done PAC,,,,,,
"Crawford, Eric A. ""Rick""",Arkansas,1,Republican,incumbent,House,Y,Y,N,N,N,C00570770,Rural America Counts PAC,,,,,,
"Hill, J. French",Arkansas,2,Republican,incumbent,House,Y,Y,N,N,N,C00623512,In The Arena PAC,,,,,,
"Womack, Steve",Arkansas,3,Republican,incumbent,House,Y,Y,N,N,N,C00493361,Razor PAC,,,,,,
"Westerman, Bruce",Arkansas,4,Republican,incumbent,House,Y,Y,N,N,N,C00607721,Land of Opportunity PAC,,,,,,
"Boozman, John",Arkansas,At Large,Republican,incumbent,Senate,Y,Y,N,N,N,C00413948,Arkansas for Leadership,,,,,,
"Cotton, Tom",Arkansas,At Large,Republican,incumbent,Senate,Y,Y,Y,N,N,C00296640,Republican Majority Fund,C00764878,REPUBLICAN MAJORITY FUND: STATE AND LOCAL,,,,
"LaMalfa, Doug",California,1,Republican,incumbent,House,Y,Y,N,N,N,C00576249,"NorCal Water, Jobs, Liberty",,,,,,
"Huffman, Jared",California,2,Democratic,incumbent,House,Y,Y,N,N,N,C00564260,Clean PAC,,,,,,
"Kiley, Kevin",California,3,Republican,freshman,House,Y,Y,N,N,N,C00818328,KEVPAC,,,,,,
"Thompson, Mike",California,4,Democratic,incumbent,House,Y,Y,N,N,N,C00378695,Victory in November Election PAC,,,,,,
"McClintock, Tom",California,5,Republican,incumbent,House,Y,Y,N,N,N,C00461137,Taking Our Majority PAC,,,,,,
"Bera, Ami",California,6,Democratic,incumbent,House,Y,Y,N,N,N,C00561779,American Innovation PAC,,,,,,
"Matsui, Doris O.",California,7,Democratic,incumbent,House,Y,Y,N,N,N,C00165548,SAC PAC,,,,,,
"Garamendi, John",California,8,Democratic,incumbent,House,Y,Y,N,N,N,C00495705,Make It In America PAC,,,,,,
"Harder, Josh",California,9,Democratic,incumbent,House,Y,Y,N,N,N,C00705368,Working Harder PAC,,,,,,
"DeSaulnier, Mark",California,10,Democratic,incumbent,House,Y,Y,N,N,N,C00589606,MOVING OUR NATION FORWARD PAC,,,,,,
"Pelosi, Nancy",California,11,Democratic,incumbent,House,Y,Y,N,N,N,C00344234,PAC to the Future,,,,,,
"Lee, Barbara",California,12,Democratic,incumbent,House,Y,Y,N,N,N,C00403071,One Voice,,,,,,
"Duarte, John S.",California,13,Republican,freshman,House,Y,Y,N,N,N,C00818344,FARMER PAC,,,,,,
"Swalwell, Eric",California,14,Democratic,incumbent,House,Y,Y,N,N,N,C00566059,New Energy PAC,,,,,,
"Mullin, Kevin",California,15,Democratic,freshman,House,Y,Y,N,N,N,C00867978,GOLDEN STATE DEMOCRACY PAC,,,,,,
"Eshoo, Anna G.",California,16,Democratic,incumbent,House,Y,N,N,N,N,,,,,,,,
"Khanna, Ro",California,17,Democratic,incumbent,House,Y,N,N,N,N,,,,,,,,
"Lofgren, Zoe",California,18,Democratic,incumbent,House,Y,Y,N,N,N,C00343574,Mainstream PAC,,,,,,
"Panetta, Jimmy",California,19,Democratic,incumbent,House,Y,Y,N,N,N,C00680132,JOINING IDEAS TO MOTIVATE MOVEMENT FOR YOU (JIMMY PAC),,,,,,
"Fong, Vince",California,20,Republican,freshman,House,Y,Y,,,,C00881490,"For Our Nation's Greatness, Resilience, Excellence, Strength, and Security (FONGRESS) PAC",,,,,,
"Costa, Jim",California,21,Democratic,incumbent,House,Y,Y,N,N,N,C00614917,Valley First Leadership PAC,,,,,,
"Valadao, David G.",California,22,Republican,incumbent,House,Y,Y,N,N,N,C00712695,Vitoria PAC,,,,,,
"Obernolte, Jay",California,23,Republican,incumbent,House,Y,Y,N,N,N,C00752790,Jobs and the Economy PAC,,,,,,
"Carbajal, Salud O.",California,24,Democratic,incumbent,House,Y,Y,N,N,N,C00656132,Serving Our Country PAC,,,,,,
"Ruiz, Raul",California,25,Democratic,incumbent,House,Y,Y,Y,N,N,C00569871,DR RAUL PAC,C00887588,DEMOCRATS VOTE,,,,
"Brownley, Julia",California,26,Democratic,incumbent,House,Y,Y,Y,Y,N,C00567495,Jobs Unite Labor & Industry in America,C00868307,Protect Democracy Project,C00886978,Freedom Democrats.,,
"Garcia, Mike",California,27,Republican,incumbent,House,Y,Y,N,N,N,C00742346,Get America Right– Community in Action - Garcia PAC ,,,,,,
"Chu, Judy",California,28,Democratic,incumbent,House,Y,Y,N,N,N,C00667360,Together We Rise,,,,,,
"Cárdenas, Tony",California,29,Democratic,incumbent,House,Y,Y,N,N,N,C00570101,Victory by Investing Building & Empowering PAC,,,,,,
"Schiff, Adam B.",California,30,Democratic,incumbent,House,Y,Y,N,N,N,C00422774,United for A Strong America,,,,,,
"Napolitano, Grace F.",California,31,Democratic,incumbent,House,Y,Y,N,N,N,C00871178,GRACE PAC,,,,,,
"Sherman, Brad",California,32,Democratic,incumbent,House,Y,Y,N,N,N,C00361410,Southern California Fund,,,,,,
"Aguilar, Pete",California,33,Democratic,incumbent,House,Y,Y,Y,N,N,C00573709,CA-LUV PAC,C00663609,Progressive Majority PAC,,,,
"Gomez, Jimmy",California,34,Democratic,incumbent,House,Y,Y,N,N,N,C00683250,GENERATION GO,,,,,,
"Torres, Norma J.",California,35,Democratic,incumbent,House,Y,Y,N,N,N,C00571570,New Opportunity for Real Monumental Action,,,,,,
"Lieu, Ted",California,36,Democratic,incumbent,House,Y,Y,Y,N,N,C00589309,"Leadership, Integrity, Engagement, Unity PAC",C00798579,PROGRESSIVE PAC,,,,
"Kamlager-Dove, Sydney",California,37,Democratic,freshman,House,Y,Y,N,N,N,C00822478,UNITED FOR A BETTER TOMORROW LEADERSHIP PAC,,,,,,
"Sánchez, Linda T.",California,38,Democratic,incumbent,House,Y,Y,N,N,N,C00423079,Democrats Reshaping America,,,,,,
"Takano, Mark",California,39,Democratic,incumbent,House,Y,Y,N,N,N,C00547356,Inland Empire Strikes PAC,,,,,,
"Kim, Young",California,40,Republican,incumbent,House,Y,Y,N,N,N,C00683508,FOREVER YOUTH ORGANIZATION UTILIZING A NEW GENERATION PAC,,,,,,
"Calvert, Ken",California,41,Republican,incumbent,House,Y,Y,N,N,N,C00390161,Eureka PAC,,,,,,
"Garcia, Robert",California,42,Democratic,freshman,House,Y,Y,N,N,N,C00823773,JUSTICE LEAGUE PAC,,,,,,
"Waters, Maxine",California,43,Democratic,incumbent,House,Y,Y,N,N,N,C00248948,People Helping People,,,,,,
"Barragan, Nanette Diaz",California,44,Democratic,incumbent,House,Y,Y,N,N,N,C00659771,Luchadora PAC,,,,,,
"Steel, Michelle",California,45,Republican,incumbent,House,Y,Y,N,N,N,C00744532,SUPPORT TAXFIGHTERS & ELECT EFFECTIVE LEADERS PAC,,,,,,
"Correa, J. Luis",California,46,Democratic,incumbent,House,Y,Y,N,N,N,C00630285,OC Jobs & Education,,,,,,
"Porter, Katie",California,47,Democratic,incumbent,House,Y,Y,N,N,N,C00747766,Truth to Power,,,,,,
"Issa, Darrell E.",California,48,Republican,incumbent,House,Y,Y,N,N,N,C00450320,Invest in a Strong and Secure America,,,,,,
"Levin, Mike",California,49,Democratic,incumbent,House,Y,Y,N,N,N,C00695395,California Dream PAC,,,,,,
"Peters, Scott H.",California,50,Democratic,incumbent,House,Y,Y,N,N,N,C00563601,Supporting House Problem Solvers,,,,,,
"Jacobs, Sara",California,51,Democratic,incumbent,House,Y,Y,N,N,N,C00768887,PAC FOR GOOD,,,,,,
"Vargas, Juan",California,52,Democratic,incumbent,House,Y,N,N,N,N,,,,,,,,
"Butler, Laphonza",California,At Large,Democratic,freshman,Senate,Y,Y,N,N,N,C00855437,MAKE EVERY DAY COUNT PAC,,,,,,
"Padilla, Alex",California,At Large,Democratic,incumbent,Senate,Y,Y,N,N,N,C00771238,DEFEND THE DREAM,,,,,,
"DeGette, Diana",Colorado,1,Democratic,incumbent,House,Y,Y,N,N,N,C00380675,Individuals Dedicated to Ethics & Science,,,,,,
"Neguse, Joe",Colorado,2,Democratic,incumbent,House,Y,Y,N,N,N,C00701680,Hope PAC,,,,,,
"Boebert, Lauren",Colorado,3,Republican,incumbent,House,Y,Y,N,N,N,C00764795,WE THE PEOPLE LEADERSHIP PAC,,,,,,
"Lopez, Greg",Colorado,4,Republican,freshman,House,Y,N,,,,,,,,,,,
"Lamborn, Doug",Colorado,5,Republican,incumbent,House,Y,Y,N,N,N,C00531756,Doing Our Utmost For God Liberty & Security,,,,,,
"Crow, Jason",Colorado,6,Democratic,incumbent,House,Y,Y,N,N,N,C00727784,Service First PAC,,,,,,
"Pettersen, Brittany",Colorado,7,Democratic,freshman,House,Y,Y,N,N,N,C00829408,PAC IN THE SADDLE,,,,,,
"Caraveo, Yadira",Colorado,8,Democratic,freshman,House,Y,N,N,N,N,,,,,,,,
"Bennet, Michael F.",Colorado,At Large,Democratic,incumbent,Senate,Y,Y,N,N,N,C00491936,Common Sense Colorado,,,,,,
"Hickenlooper, John W.",Colorado,At Large,Democratic,incumbent,Senate,Y,Y,N,N,N,C00687582,Giddy Up PAC,,,,,,
"Larson, John B.",Connecticut,1,Democratic,incumbent,House,Y,Y,N,N,N,C00409623,Synergy PAC,,,,,,
"Courtney, Joe",Connecticut,2,Democratic,incumbent,House,Y,Y,N,N,N,C00464727,Husky PAC,,,,,,
"DeLauro, Rosa L.",Connecticut,3,Democratic,incumbent,House,Y,Y,N,N,N,C00370122,Committee for a Democratic Future,,,,,,
"Himes, James A.",Connecticut,4,Democratic,incumbent,House,Y,Y,N,N,N,C00494112,Jobs & Innovation Matter PAC,,,,,,
"Hayes, Jahana",Connecticut,5,Democratic,incumbent,House,Y,N,N,N,N,,,,,,,,
"Blumenthal, Richard",Connecticut,At Large,Democratic,incumbent,Senate,Y,Y,N,N,N,C00492983,Nutmeg PAC,,,,,,
"Murphy, Christopher",Connecticut,At Large,Democratic,incumbent,Senate,Y,Y,N,N,N,C00459925,MURPHPAC,,,,,,
"Blunt Rochester, Lisa",Delaware,At Large,Democratic,incumbent,House,Y,Y,N,N,N,C00633156,I Got Your Back PAC,,,,,,
"Carper, Thomas R.",Delaware,At Large,Democratic,incumbent,Senate,Y,Y,N,N,N,C00363648,First State PAC,,,,,,
"Coons, Christopher A.",Delaware,At Large,Democratic,incumbent,Senate,Y,Y,N,N,N,C00493700,Blue Hen PAC,,,,,,
"Norton, Eleanor Holmes",District of Columbia,At Large,Democratic,incumbent,House,N,Y,N,N,N,C00792895,WARRIOR ON THE HILL,,,,,,
VACANT,Florida,1,,,House,,,,,,,,,,,,,
"Dunn, Neal P.",Florida,2,Republican,incumbent,House,Y,Y,N,N,N,C00680405,Defend & Uphold Our Nation Now (DUNN PAC),,,,,,
"Cammack, Kat",Florida,3,Republican,incumbent,House,Y,Y,N,N,N,C00756551,American Grit PAC,,,,,,
"Bean, Aaron",Florida,4,Republican,freshman,House,Y,Y,N,N,N,C00824938,BE AN AMERICAN PAC,,,,,,
"Rutherford, John H.",Florida,5,Republican,incumbent,House,Y,Y,N,N,N,C00687020,Strengthening the American Republic (STAR) PAC,,,,,,
"Waltz, Michael",Florida,6,Republican,incumbent,House,Y,Y,N,N,N,C00693671,Warrior Diplomat PAC,,,,,,
"Mills, Cory",Florida,7,Republican,freshman,House,Y,Y,N,N,N,C00778449,RESTORE AMERICA'S VOICE PAC,,,,,,
"Posey, Bill",Florida,8,Republican,incumbent,House,Y,Y,N,N,N,C00471813,Accountability PAC,,,,,,
"Soto, Darren",Florida,9,Democratic,incumbent,House,Y,Y,N,N,N,C00692590,Sunshine Organization for Tremendous Opportunities (SOTO PAC),,,,,,
"Frost, Maxwell",Florida,10,Democratic,freshman,House,Y,Y,N,N,N,C00826685,A LOVE SUPREME PAC,,,,,,
"Webster, Daniel",Florida,11,Republican,incumbent,House,Y,Y,N,N,N,C00525592,Cool PAC,,,,,,
"Bilirakis, Gus M.",Florida,12,Republican,incumbent,House,Y,Y,N,N,N,C00531517,Giving Us Security PAC,,,,,,
"Luna, Anna Paulina",Florida,13,Republican,freshman,House,Y,N,N,N,N,,,,,,,,
"Castor, Kathy",Florida,14,Democratic,incumbent,House,Y,Y,N,N,N,C00526301,Athena PAC,,,,,,
"Lee, Laurel M.",Florida,15,Republican,freshman,House,Y,Y,N,N,N,C00825430,Florida Freedom Fund PAC,,,,,,
"Buchanan, Vern",Florida,16,Republican,incumbent,House,Y,Y,N,N,N,C00431403,Vote to Elect Republicans Now PAC,,,,,,
"Steube, W. Gregory",Florida,17,Republican,incumbent,House,Y,Y,N,N,N,C00695874,Getting Republicans Elected for Generations PAC (GREG PAC),,,,,,
"Franklin, C. Scott",Florida,18,Republican,incumbent,House,Y,Y,N,N,N,C00770701,CEILING AND VISIBILITY UNLIMITED (CAVU PAC),,,,,,
"Donalds, Byron",Florida,19,Republican,incumbent,House,Y,Y,Y,N,N,C00755728,Proven Conservatives PAC,C00894147,PROVEN CONSERVATIVES PAC - FEDERAL,,,,
"Cherfilus-McCormick, Sheila",Florida,20,Democratic,incumbent,House,Y,Y,N,N,N,C00806240,Protecting Democracy,,,,,,
"Mast, Brian J.",Florida,21,Republican,incumbent,House,Y,Y,N,N,N,C00583153,Valor PAC,,,,,,
"Frankel, Lois",Florida,22,Democratic,incumbent,House,Y,Y,N,N,N,C00545137,LOIS PAC,,,,,,
"Moskowitz, Jared",Florida,23,Democratic,freshman,House,Y,Y,N,N,N,C00831362,THE MPIRE STRIKES PAC,,,,,,
"Wilson, Frederica S.",Florida,24,Democratic,incumbent,House,Y,Y,N,N,N,C00545970,Role Model Leadership PAC,,,,,,
"Wasserman Schultz, Debbie",Florida,25,Democratic,incumbent,House,Y,Y,N,N,N,C00425470,Democrats Win Seats PAC,,,,,,
"Diaz-Balart, Mario",Florida,26,Republican,incumbent,House,Y,Y,N,N,N,C00565630,Maintaining All Republicans in Office,,,,,,
"Salazar, Maria Elvira",Florida,27,Republican,incumbent,House,Y,Y,N,N,N,C00769695,FREEDOM FORCE PAC,,,,,,
"Gimenez, Carlos A.",Florida,28,Republican,incumbent,House,Y,Y,N,N,N,C00737270,Residents First PAC,,,,,,
"Rubio, Marco",Florida,At Large,Republican,incumbent,Senate,Y,Y,N,N,N,C00500025,Reclaim America PAC,,,,,,
"Scott, Rick",Florida,At Large,Republican,incumbent,Senate,Y,Y,N,N,N,C00692327,Lets Get to Work PAC,,,,,,
"Carter, Earl L. ""Buddy""",Georgia,1,Republican,incumbent,House,Y,Y,N,N,N,C00597062,Buddy PAC,,,,,,
"Bishop, Sanford D., Jr.",Georgia,2,Democratic,incumbent,House,Y,Y,N,N,N,C00452748,GOLD PAC,,,,,,
"Ferguson, A. Drew, IV",Georgia,3,Republican,incumbent,House,Y,Y,N,N,N,C00738260,Point Action PAC,,,,,,
"Johnson, Henry C. ""Hank,"" Jr.",Georgia,4,Democratic,incumbent,House,Y,Y,N,N,N,C00540989,Community PAC,,,,,,
"Williams, Nikema",Georgia,5,Democratic,incumbent,House,Y,Y,N,N,N,C00769216,THE GOOD TROUBLE PAC,,,,,,
"McCormick, Richard",Georgia,6,Republican,freshman,House,Y,Y,N,N,N,C00819425,OLD BREED PAC,,,,,,
"McBath, Lucy",Georgia,7,Democratic,incumbent,House,Y,Y,N,N,N,C00691352,Safer and Stronger Communities PAC,,,,,,
"Scott, Austin",Georgia,8,Republican,incumbent,House,Y,Y,N,N,N,C00500793,Wells PAC,,,,,,
"Clyde, Andrew S.",Georgia,9,Republican,incumbent,House,Y,Y,N,N,N,C00482703,FREEDOM PAC,,,,,,
"Collins, Mike",Georgia,10,Republican,freshman,House,Y,Y,N,N,N,C00802595,Overhaul PAC,,,,,,
"Loudermilk, Barry",Georgia,11,Republican,incumbent,House,Y,Y,N,N,N,C00568089,Stand PAC,,,,,,
"Allen, Rick W.",Georgia,12,Republican,incumbent,House,Y,Y,N,N,N,C00635201,RWA Fund,,,,,,
"Scott, David",Georgia,13,Democratic,incumbent,House,Y,Y,N,N,N,C00430579,Brave PAC,,,,,,
"Greene, Marjorie Taylor",Georgia,14,Republican,incumbent,House,Y,Y,Y,N,N,C00755199,Save America Stop Socialism PAC,C00869826,MTG FOR GEORGIA LEADERSHIP COMMITTEE,,,,
"Ossoff, Jon",Georgia,At Large,Democratic,incumbent,Senate,Y,Y,N,N,N,C00769109,HEALTH JOBS JUSTICE,,,,,,
"Warnock, Raphael G.",Georgia,At Large,Democratic,incumbent,Senate,Y,Y,N,N,N,C00767871,REV UP PAC,,,,,,
"Moylan, James C.",Guam,At Large,Republican,freshman,House,N,Y,N,N,N,C00853622,PROTECTING THE PACIFIC PAC,,,,,,
"Case, Ed",Hawaii,1,Democratic,incumbent,House,Y,N,N,N,N,,,,,,,,
"Tokuda, Jill N.",Hawaii,2,Democratic,freshman,House,Y,N,N,N,N,,,,,,,,
"Hirono, Mazie K.",Hawaii,At Large,Democratic,incumbent,Senate,Y,Y,N,N,N,C00539601,Pineapple PAC,,,,,,
"Schatz, Brian",Hawaii,At Large,Democratic,incumbent,Senate,Y,Y,N,N,N,C00567693,Hawaii PAC,,,,,,
"Fulcher, Russ",Idaho,1,Republican,incumbent,House,Y,Y,N,N,N,C00729897,Gem State PAC,,,,,,
"Simpson, Michael K.",Idaho,2,Republican,incumbent,House,Y,Y,N,N,N,C00461996,Sawtooth PAC,,,,,,
"Crapo, Mike",Idaho,At Large,Republican,incumbent,Senate,Y,Y,Y,N,N,C00390674,Freedom Fund,C00544270,Idaho Conservative Growth Fund,,,,
"Risch, James E.",Idaho,At Large,Republican,incumbent,Senate,Y,Y,Y,Y,Y,C00656637,Save America PAC II,C00461723,Save America PAC,C00772434,PAC for America,C00772442,PAC FOR AMERICA 2
"Jackson, Jonathan L.",Illinois,1,Democratic,freshman,House,Y,Y,N,N,N,C00886390,Moving Forward PAC,,,,,,
"Kelly, Robin L.",Illinois,2,Democratic,incumbent,House,Y,Y,N,N,N,C00603134,Visionary PAC,,,,,,
"Ramirez, Delia C.",Illinois,3,Democratic,freshman,House,Y,Y,N,N,N,C00863712,ROOTED & READY PAC,,,,,,
"Garcia, Jesus G. ""Chuy""",Illinois,4,Democratic,incumbent,House,Y,Y,N,N,N,C00690669,Transformative Change PAC,,,,,,
"Quigley, Mike",Illinois,5,Democratic,incumbent,House,Y,Y,N,N,N,C00662056,Blue Line PAC,,,,,,
"Casten, Sean",Illinois,6,Democratic,incumbent,House,Y,Y,N,N,N,C00747642,Science Truth and Expertise Matter PAC,,,,,,
"Davis, Danny K.",Illinois,7,Democratic,incumbent,House,Y,Y,N,N,N,C00882043,URBAN PROGRESS LEADERSHIP PAC,,,,,,
"Krishnamoorthi, Raja",Illinois,8,Democratic,incumbent,House,Y,Y,N,N,N,C00649772,Reviving American Jobs Again,,,,,,
"Schakowsky, Janice D.",Illinois,9,Democratic,incumbent,House,Y,Y,N,N,N,C00381806,Progressive Choices PAC,,,,,,
"Schneider, Bradley Scott",Illinois,10,Democratic,incumbent,House,Y,Y,N,N,N,C00655423,Bridge the GAP PAC,,,,,,
"Foster, Bill",Illinois,11,Democratic,incumbent,House,Y,Y,N,N,N,C00571943,Fostering Progress PAC,,,,,,
"Bost, Mike",Illinois,12,Republican,incumbent,House,Y,Y,N,N,N,C00629832,Building Opportunities for a Stronger Tomorrow,,,,,,
"Budzinski, Nikki",Illinois,13,Democratic,freshman,House,Y,Y,N,N,N,C00840462,BUDWINSKI PAC,,,,,,
"Underwood, Lauren",Illinois,14,Democratic,incumbent,House,Y,Y,N,N,N,C00694471,American Mosaic PAC,,,,,,
"Miller, Mary E.",Illinois,15,Republican,incumbent,House,Y,Y,N,N,N,C00805671,Faith in America,,,,,,
"LaHood, Darin",Illinois,16,Republican,incumbent,House,Y,Y,N,N,N,C00631051,Abraham Lincoln PAC,,,,,,
"Sorensen, Eric",Illinois,17,Democratic,freshman,House,Y,Y,N,N,N,C00846071,Storm PAC,,,,,,
"Duckworth, Tammy",Illinois,At Large,Democratic,incumbent,Senate,Y,Y,N,N,N,C00544254,Perimeter PAC,,,,,,
"Durbin, Richard J.",Illinois,At Large,Democratic,incumbent,Senate,Y,Y,N,N,N,C00347195,Prairie PAC,,,,,,
"Mrvan, Frank J.",Indiana,1,Democratic,incumbent,House,Y,Y,N,N,N,C00867986,REGION LEADERSHIP PAC  ,,,,,,
"Yakym, Rudy",Indiana,2,Republican,incumbent,House,Y,Y,N,N,N,C00823351,Republicans United to Defend You (RUDY) PAC,,,,,,
"Banks, Jim",Indiana,3,Republican,incumbent,House,Y,Y,Y,N,N,C00493221,The Guardian Fund,C00326439,HOUSE CONSERVATIVES FUND,C00832469,BUILDING A NATIONAL KNOWLEGEABLE SECURITY PAC,,
"Baird, James R.",Indiana,4,Republican,incumbent,House,Y,Y,N,N,N,C00862730,Proud American,,,,,,
"Spartz, Victoria",Indiana,5,Republican,incumbent,House,Y,Y,N,N,N,C00764134,FREE MARKET FUND,,,,,,
"Pence, Greg",Indiana,6,Republican,incumbent,House,Y,Y,N,N,N,C00680322,Mustang PAC,,,,,,
"Carson, Andre",Indiana,7,Democratic,incumbent,House,Y,Y,N,N,N,C00511196,America Now,,,,,,
"Bucshon, Larry",Indiana,8,Republican,incumbent,House,Y,Y,N,N,N,C00523381,HeartDocPAC,,,,,,
"Houchin, Erin",Indiana,9,Republican,freshman,House,Y,Y,N,N,N,C00816389,ELECTING REPUBLICANS INDIANA PAC,,,,,,
"Braun, Mike",Indiana,At Large,Republican,incumbent,Senate,Y,Y,N,N,N,C00691162,Hoosier PAC,,,,,,
"Young, Todd",Indiana,At Large,Republican,incumbent,Senate,Y,Y,Y,N,N,C00687343,All Hands PAC,C00551853,Oorah! PAC,,,,
"Miller-Meeks, Mariannette",Iowa,1,Republican,incumbent,House,Y,Y,N,N,N,C00770255,SIX POLITICAL ACTION COMMITTEE,,,,,,
"Hinson, Ashley",Iowa,2,Republican,incumbent,House,Y,Y,N,N,N,C00762328,Fight On PAC,,,,,,
"Nunn, Zachary",Iowa,3,Republican,freshman,House,Y,Y,N,N,N,C00818740,CALL TO SERVICE PAC,,,,,,
"Feenstra, Randy",Iowa,4,Republican,incumbent,House,Y,Y,Y,N,N,C00756825,Delivers PAC,C00887539,IOWA VALUES PAC,,,,
"Ernst, Joni",Iowa,At Large,Republican,incumbent,Senate,Y,Y,N,N,N,C00566851,"Jobs, Opportunity & New Ideas PAC",,,,,,
"Grassley, Chuck",Iowa,At Large,Republican,incumbent,Senate,Y,Y,Y,N,N,C00379479,Hawkeye PAC,C00698977,Goldfinch PAC,,,,
"Mann, Tracey",Kansas,1,Republican,incumbent,House,Y,Y,N,N,N,C00758433,Great Plains PAC,,,,,,
"LaTurner, Jake",Kansas,2,Republican,incumbent,House,Y,Y,N,N,N,C00773234,KANSAS VICTORY PAC,,,,,,
"Davids, Sharice",Kansas,3,Democratic,incumbent,House,Y,Y,N,N,N,C00724443,Sunflower Seeds PAC,,,,,,
"Estes, Ron",Kansas,4,Republican,incumbent,House,Y,Y,N,N,N,C00649525,Restoring Our Nation PAC,,,,,,
"Marshall, Roger",Kansas,At Large,Republican,incumbent,Senate,Y,Y,N,N,N,C00632323,Defend our Conservative Senate (DOC's) PAC,,,,,,
"Moran, Jerry",Kansas,At Large,Republican,incumbent,Senate,Y,Y,N,N,N,C00455717,Free State PAC,,,,,,
"Comer, James",Kentucky,1,Republican,incumbent,House,Y,Y,N,N,N,C00650853,Comer PAC,,,,,,
"Guthrie, Brett",Kentucky,2,Republican,incumbent,House,Y,Y,Y,N,N,C00483487,BRETTPAC,C00879288,NICE PAC,,,,
"McGarvey, Morgan",Kentucky,3,Democratic,freshman,House,Y,Y,N,N,N,C00829663,NOT SO OLD FASHIONED PAC,,,,,,
"Massie, Thomas",Kentucky,4,Republican,incumbent,House,Y,Y,N,N,N,C00563429,Making a Sensible Shift in Elections,,,,,,
"Rogers, Harold",Kentucky,5,Republican,incumbent,House,Y,Y,N,N,N,C00376038,Help America's Leaders,,,,,,
"Barr, Andy",Kentucky,6,Republican,incumbent,House,Y,Y,N,N,N,C00572271,Building America's Republican Representation,,,,,,
"McConnell, Mitch",Kentucky,At Large,Republican,incumbent,Senate,Y,Y,Y,N,N,C00235655,Bluegrass Cmte,C00760348,Making Investments Toward Conservative Heroes PAC,,,,
"Paul, Rand",Kentucky,At Large,Republican,incumbent,Senate,Y,Y,N,N,N,C00493924,Reinventing a New Direction,,,,,,
"Scalise, Steve",Louisiana,1,Republican,incumbent,House,Y,Y,N,N,N,C00467431,Eye of the Tiger PAC,,,,,,
"Carter, Troy",Louisiana,2,Democratic,incumbent,House,Y,Y,N,N,N,C00794198,BUILD THE BENCH PAC,,,,,,
"Higgins, Clay",Louisiana,3,Republican,incumbent,House,Y,Y,N,N,N,C00652305,Redemption PAC,,,,,,
"Johnson, Mike",Louisiana,4,Republican,incumbent,House,Y,Y,Y,N,N,C00639229,American Revival PAC,C00326439,House Conservatives Fund,,,,
"Letlow, Julia",Louisiana,5,Republican,incumbent,House,Y,Y,N,N,N,C00764761,Start Rising PAC,,,,,,
"Graves, Garret",Louisiana,6,Republican,incumbent,House,Y,Y,N,N,N,C00635557,Do Right Bayou,,,,,,
"Cassidy, Bill",Louisiana,At Large,Republican,incumbent,Senate,Y,Y,N,N,N,C00480228,Continuing America's Strength & Security,,,,,,
"Kennedy, John",Louisiana,At Large,Republican,incumbent,Senate,Y,Y,N,N,N,C00634774,Pelican PAC,,,,,,
"Pingree, Chellie",Maine,1,Democratic,incumbent,House,Y,Y,N,N,N,C00840918,FARM TO TABLE PAC,,,,,,
"Golden, Jared F.",Maine,2,Democratic,incumbent,House,Y,Y,N,N,N,C00834101,AS MAINE GOES PAC,,,,,,
"Collins, Susan M.",Maine,At Large,Republican,incumbent,Senate,Y,Y,N,N,N,C00391797,Dirigo PAC,,,,,,
"King, Angus S., Jr.",Maine,At Large,Independent,incumbent,Senate,Y,Y,N,N,N,C00552539,Make It Work,,,,,,
"Harris, Andy",Maryland,1,Republican,incumbent,House,Y,Y,N,N,N,C00492819,Chesapeake PAC,,,,,,
"Ruppersberger, C. A. Dutch",Maryland,2,Democratic,incumbent,House,Y,Y,N,N,N,C00448001,Dutch PAC,,,,,,
"Sarbanes, John P.",Maryland,3,Democratic,incumbent,House,Y,Y,N,N,N,C00575662,The US Campaign Fund,,,,,,
"Ivey, Glenn",Maryland,4,Democratic,freshman,House,Y,Y,N,N,N,C00862581,Higher Ground PAC,,,,,,
"Hoyer, Steny H.",Maryland,5,Democratic,incumbent,House,Y,Y,N,N,N,C00271338,AmeriPAC: The Fund for a Greater America,,,,,,
"Trone, David J.",Maryland,6,Democratic,incumbent,House,Y,N,N,N,N,,,,,,,,
"Mfume, Kweisi",Maryland,7,Democratic,incumbent,House,Y,N,N,N,N,,,,,,,,
"Raskin, Jamie",Maryland,8,Democratic,incumbent,House,Y,Y,N,N,N,C00664318,Democracy Summer Leadership PAC,,,,,,
"Cardin, Benjamin L.",Maryland,At Large,Democratic,incumbent,Senate,Y,Y,N,N,N,C00385534,LEGPAC,,,,,,
"Van Hollen, Chris",Maryland,At Large,Democratic,incumbent,Senate,Y,Y,N,N,N,C00416743,Victory Now PAC,,,,,,
"Neal, Richard E.",Massachusetts,1,Democratic,incumbent,House,Y,Y,N,N,N,C00426809,Madison PAC (Neal),,,,,,
"McGovern, James P.",Massachusetts,2,Democratic,incumbent,House,Y,Y,N,N,N,C00461251,Mac PAC,,,,,,
"Trahan, Lori",Massachusetts,3,Democratic,incumbent,House,Y,Y,N,N,N,C00787317,SPIKE PAC,,,,,,
"Auchincloss, Jake",Massachusetts,4,Democratic,incumbent,House,Y,Y,N,N,N,C00786392,MA 4 DEMS PAC,,,,,,
"Clark, Katherine M.",Massachusetts,5,Democratic,incumbent,House,Y,Y,N,N,N,C00574970,Fair Shot PAC,,,,,,
"Moulton, Seth",Massachusetts,6,Democratic,incumbent,House,Y,Y,Y,N,N,C00571174,Serve America PAC,C00656439,Serve America PAC- Restricted,,,,
"Pressley, Ayanna",Massachusetts,7,Democratic,incumbent,House,Y,Y,N,N,N,C00706630,Power of Us PAC,,,,,,
"Lynch, Stephen F.",Massachusetts,8,Democratic,incumbent,House,Y,Y,N,N,N,C00491142,Common Sense Democrat PAC,,,,,,
"Keating, William R.",Massachusetts,9,Democratic,incumbent,House,Y,N,N,N,N,,,,,,,,
"Markey, Edward J.",Massachusetts,At Large,Democratic,incumbent,Senate,Y,Y,N,N,N,C00564187,Educate & Innovate PAC,,,,,,
"Warren, Elizabeth",Massachusetts,At Large,Democratic,incumbent,Senate,Y,N,N,N,N,,,,,,,,
"Bergman, Jack",Michigan,1,Republican,incumbent,House,Y,Y,N,N,N,C00636837,Star PAC,,,,,,
"Moolenaar, John R.",Michigan,2,Republican,incumbent,House,Y,Y,N,N,N,C00583526,"TOGETHER UNITED FOR LIBERTY, INTEGRITY AND PROSPERITY PAC (TULIP PAC)",,,,,,
"Scholten, Hillary J.",Michigan,3,Democratic,freshman,House,Y,Y,N,N,N,C00841908,A PLEASANT PENINSULA PAC,,,,,,
"Huizenga, Bill",Michigan,4,Republican,incumbent,House,Y,Y,N,N,N,C00503151,UPPER HAND FUND (FORMERLY HUIZENGA MAJORITY FUND),,,,,,
"Walberg, Tim",Michigan,5,Republican,incumbent,House,Y,Y,N,N,N,C00498360,Truth Is Markets Work Fund,,,,,,
"Dingell, Debbie",Michigan,6,Democratic,incumbent,House,Y,Y,N,N,N,C00451583,Wolverine PAC,,,,,,
"Slotkin, Elissa",Michigan,7,Democratic,incumbent,House,Y,Y,N,N,N,C00832147,Mitten PAC,,,,,,
"Kildee, Daniel T.",Michigan,8,Democratic,incumbent,House,Y,Y,N,N,N,C00502096,Michigan's Future PAC,,,,,,
"McClain, Lisa C.",Michigan,9,Republican,incumbent,House,Y,Y,N,N,N,C00764886,MICHIGAN VALUES PAC,,,,,,
"James, John",Michigan,10,Republican,freshman,House,Y,Y,N,N,N,C00774588,MISSION FIRST PEOPLE ALWAYS PAC,,,,,,
"Stevens, Haley M.",Michigan,11,Democratic,incumbent,House,Y,Y,N,N,N,C00746735,HMS Scrap PAC,,,,,,
"Tlaib, Rashida",Michigan,12,Democratic,incumbent,House,Y,Y,N,N,N,C00741371,Rooted in Community PAC,,,,,,
"Thanedar, Shri",Michigan,13,Democratic,freshman,House,Y,N,N,N,N,,,,,,,,
"Peters, Gary C.",Michigan,At Large,Democratic,incumbent,Senate,Y,Y,N,N,N,C00507574,Motor City PAC,,,,,,
"Stabenow, Debbie",Michigan,At Large,Democratic,incumbent,Senate,Y,Y,N,N,N,C00375584,Great Lakes PAC,,,,,,
"Finstad, Brad",Minnesota,1,Republican,incumbent,House,Y,Y,N,N,N,C00818542,FIELD OF DREAMS PAC,,,,,,
"Craig, Angie",Minnesota,2,Democratic,incumbent,House,Y,Y,N,N,N,C00762369,Summit PAC,,,,,,
"Phillips, Dean",Minnesota,3,Democratic,incumbent,House,Y,N,N,N,N,,,,,,,,
"McCollum, Betty",Minnesota,4,Democratic,incumbent,House,Y,Y,N,N,N,C00405050,Betty PAC,,,,,,
"Omar, Ilhan",Minnesota,5,Democratic,incumbent,House,Y,Y,N,N,N,C00688846,Inspiring Leadership Has A New Name (ILHAN) PAC,,,,,,
"Emmer, Tom",Minnesota,6,Republican,incumbent,House,Y,Y,N,N,N,C00592089,Electing Majority Making Effective Republicans,,,,,,
"Fischbach, Michelle",Minnesota,7,Republican,incumbent,House,Y,Y,N,N,N,C00758813,MNM PAC,,,,,,
"Stauber, Pete",Minnesota,8,Republican,incumbent,House,Y,Y,N,N,N,C00698092,Let's All Keep Electing Republicans PAC,,,,,,
"Klobuchar, Amy",Minnesota,At Large,Democratic,incumbent,Senate,Y,Y,N,N,N,C00431874,Follow the North Star Fund,,,,,,
"Smith, Tina",Minnesota,At Large,Democratic,incumbent,Senate,Y,Y,N,N,N,C00692111,Velvet Hammer PAC,,,,,,
"Kelly, Trent",Mississippi,1,Republican,incumbent,House,Y,Y,N,N,N,C00778308,SOUTHERN STATES PAC,,,,,,
"Thompson, Bennie G.",Mississippi,2,Democratic,incumbent,House,Y,Y,N,N,N,C00411611,Secure PAC,,,,,,
"Guest, Michael",Mississippi,3,Republican,incumbent,House,Y,Y,N,N,N,C00689893,Guest PAC,,,,,,
"Ezell, Mike",Mississippi,4,Republican,freshman,House,Y,Y,N,N,N,C00832808,New Sheriff PAC,,,,,,
"Hyde-Smith, Cindy",Mississippi,At Large,Republican,incumbent,Senate,Y,Y,N,N,N,C00678813,Conservatives Harvesting Success PAC,,,,,,
"Wicker, Roger F.",Mississippi,At Large,Republican,incumbent,Senate,Y,Y,N,N,N,C00368696,Responsibility & Freedom Work PAC,,,,,,
"Bush, Cori",Missouri,1,Democratic,incumbent,House,Y,Y,N,N,N,C00826917,POLITIVIST LPAC,,,,,,
"Wagner, Ann",Missouri,2,Republican,incumbent,House,Y,Y,N,N,N,C00531764,Ann PAC,,,,,,
"Luetkemeyer, Blaine",Missouri,3,Republican,incumbent,House,Y,Y,N,N,N,C00489427,Building Leadership & Inspiring New Enterprise,,,,,,
"Alford, Mark",Missouri,4,Republican,freshman,House,Y,Y,N,N,N,C00825398,MISSOURI TRUTH PAC,,,,,,
"Cleaver, Emanuel",Missouri,5,Democratic,incumbent,House,Y,Y,N,N,N,C00599092,Wolf Pack,,,,,,
"Graves, Sam",Missouri,6,Republican,incumbent,House,Y,Y,N,N,N,C00410621,Show Me PAC,,,,,,
"Burlison, Eric",Missouri,7,Republican,freshman,House,Y,Y,N,N,N,C00823914,EVER RELENTLESS IN CONSERVATISM,,,,,,
"Smith, Jason",Missouri,8,Republican,incumbent,House,Y,Y,N,N,N,C00563726,Mr Southern Missourian in the House,,,,,,
"Hawley, Josh",Missouri,At Large,Republican,incumbent,Senate,Y,Y,N,N,N,C00692640,Fighting for Missouri PAC,,,,,,
"Schmitt, Eric",Missouri,At Large,Republican,freshman,Senate,Y,Y,N,N,N,C00826362,WINNING FOR AMERICA PAC,,,,,,
"Zinke, Ryan K.",Montana,1,Republican,incumbent,House,Y,N,N,N,N,,,,,,,,
"Rosendale Sr., Matthew M.",Montana,2,Republican,incumbent,House,Y,Y,N,N,N,C00764431,406 PAC,,,,,,
"Daines, Steve",Montana,At Large,Republican,incumbent,Senate,Y,Y,Y,N,N,C00542027,Big Sky Opportunity PAC,C00739003,Montana Red,,,,
"Tester, Jon",Montana,At Large,Democratic,incumbent,Senate,Y,Y,N,N,N,C00433680,Treasure State PAC,,,,,,
"Flood, Mike",Nebraska,1,Republican,incumbent,House,Y,Y,N,N,N,C00832568,HIGH WATER PAC,,,,,,
"Bacon, Don",Nebraska,2,Republican,incumbent,House,Y,Y,N,N,N,C00647420,BACON PAC,,,,,,
"Smith, Adrian",Nebraska,3,Republican,incumbent,House,Y,Y,N,N,N,C00481176,Concerned Americans for Freedom & Opportunity,,,,,,
"Fischer, Deb",Nebraska,At Large,Republican,incumbent,Senate,Y,Y,Y,N,N,C00540054,Nebraska Sandhills PAC,C00568709,Bridging the Gap,,,,
"Ricketts, Pete",Nebraska,At Large,Republican,freshman,Senate,Y,Y,N,N,N,C00832501,AMERICAN EXCELLENCE PAC,,,,,,
"Titus, Dina",Nevada,1,Democratic,incumbent,House,Y,Y,N,N,N,C00450577,Democrats Time In Nevada,,,,,,
"Amodei, Mark E.",Nevada,2,Republican,incumbent,House,Y,Y,N,N,N,C00893818,PONDEROSA PAC,,,,,,
"Lee, Susie",Nevada,3,Democratic,incumbent,House,Y,Y,N,N,N,C00721233,Beat the Odds PAC,,,,,,
"Horsford, Steven",Nevada,4,Democratic,incumbent,House,Y,Y,N,N,N,C00707232,Blue Nevada PAC,,,,,,
"Cortez Masto, Catherine",Nevada,At Large,Democratic,incumbent,Senate,Y,Y,N,N,N,C00629212,All for Our Country,,,,,,
"Rosen, Jacky",Nevada,At Large,Democratic,incumbent,Senate,Y,Y,N,N,N,C00654475,Smart Solutions PAC,,,,,,
"Pappas, Chris",New Hampshire,1,Democratic,incumbent,House,Y,Y,N,N,N,C00760009,Putting New Hampshire First,,,,,,
"Kuster, Ann M.",New Hampshire,2,Democratic,incumbent,House,Y,Y,Y,N,N,C00540062,AnniePAC,C00844639,Democratic Turnout Project PAC,,,,
"Hassan, Margaret Wood",New Hampshire,At Large,Democratic,incumbent,Senate,Y,Y,N,N,N,C00629311,Granite Values,,,,,,
"Shaheen, Jeanne",New Hampshire,At Large,Democratic,incumbent,Senate,Y,Y,N,N,N,C00458570,A New Direction PAC,,,,,,
"Norcross, Donald",New Jersey,1,Democratic,incumbent,House,Y,Y,N,N,N,C00575894,Blue Power,,,,,,
"Van Drew, Jefferson",New Jersey,2,Republican,incumbent,House,Y,Y,N,N,N,C00726729,South Jersey United in Trust (SJUIT) PAC,,,,,,
"Kim, Andy",New Jersey,3,Democratic,incumbent,House,Y,Y,N,N,N,C00761957,In Our Hands,,,,,,
"Smith, Christopher H.",New Jersey,4,Republican,incumbent,House,Y,Y,N,N,N,C00524322,Citizens Strengthening Our Majority in the House,,,,,,
"Gottheimer, Josh",New Jersey,5,Democratic,incumbent,House,Y,Y,N,N,N,C00652164,Jersey Values PAC,,,,,,
"Pallone, Frank, Jr.",New Jersey,6,Democratic,incumbent,House,Y,Y,N,N,N,C00410308,Shore PAC,,,,,,
"Kean, Thomas H.",New Jersey,7,Republican,freshman,House,Y,Y,N,N,N,C00784694,TKJ PAC,,,,,,
"Menendez, Robert",New Jersey,8,Democratic,freshman,House,Y,Y,N,N,N,C00847095,Resilient Majority PAC,,,,,,
"Pascrell, Bill",New Jersey,9,Democratic,incumbent,House,Y,Y,N,N,N,,,,,,,,
LaMonica McIver,New Jersey,10,Democratic,freshman,House,Y,Y,,,,C00891861,TOGETHER FORWARD,,,,,,
"Sherrill, Mikie",New Jersey,11,Democratic,incumbent,House,Y,Y,N,N,N,C00704247,Gateway to Leadership PAC,,,,,,
"Watson Coleman, Bonnie",New Jersey,12,Democratic,incumbent,House,Y,Y,N,N,N,C00610840,Because Women Can,,,,,,
"Booker, Cory A.",New Jersey,At Large,Democratic,incumbent,Senate,Y,Y,N,N,N,C00497131,Purpose PAC,,,,,,
"Menendez, Robert",New Jersey,At Large,Democratic,incumbent,Senate,Y,Y,N,N,N,C00349233,New Millennium PAC,,,,,,
"Stansbury, Melanie Ann",New Mexico,1,Democratic,incumbent,House,Y,Y,N,N,N,C00830919,GRIT & HEART PAC,,,,,,
"Vasquez, Gabe",New Mexico,2,Democratic,freshman,House,Y,Y,N,N,N,C00834515,PAC A PUNCH,,,,,,
"Leger Fernandez, Teresa",New Mexico,3,Democratic,incumbent,House,Y,Y,N,N,N,C00764753,AHORA PAC,,,,,,
"Heinrich, Martin",New Mexico,At Large,Democratic,incumbent,Senate,Y,Y,N,N,N,C00497073,Lobo PAC,,,,,,
"Lujan, Ben Ray",New Mexico,At Large,Democratic,incumbent,Senate,Y,Y,Y,N,N,C00517235,Turquoise PAC,C00814616,Senate Fight Fund,,,,
"LaLota, Nick",New York,1,Republican,freshman,House,Y,Y,N,N,N,C00813063,Leadership and Loyalty Only to America PAC,,,,,,
"Garbarino, Andrew R.",New York,2,Republican,incumbent,House,Y,Y,N,N,N,C00770297,BAKER PAC,,,,,,
"Suozzi, Tom",New York,3,Democratic,freshman,House,Y,Y,N,N,N,C00669929,Common Good PAC,,,,,,
"D'Esposito, Anthony",New York,4,Republican,freshman,House,Y,Y,N,N,N,C00814897,DESP4NY PAC (DEDICATED TO ENSURING SAFETY AND PROVIDING 4 NEW YORK),,,,,,
"Meeks, Gregory W.",New York,5,Democratic,incumbent,House,Y,Y,N,N,N,C00377143,Build America PAC,,,,,,
"Meng, Grace",New York,6,Democratic,incumbent,House,Y,Y,N,N,N,C00552489,At the Table!,,,,,,
"Velazquez, Nydia M.",New York,7,Democratic,incumbent,House,Y,Y,N,N,N,C00351056,Progress PAC,,,,,,
"Jeffries, Hakeem S.",New York,8,Democratic,incumbent,House,Y,Y,N,N,N,C00617803,Jobs Education & Families First,,,,,,
"Clarke, Yvette D.",New York,9,Democratic,incumbent,House,Y,Y,N,N,N,C00625558,Milk River PAC,,,,,,
"Goldman, Daniel S.",New York,10,Democratic,freshman,House,Y,Y,N,N,N,C00826297,DEMOCRACY ACTION NOW PAC,,,,,,
"Malliotakis, Nicole",New York,11,Republican,incumbent,House,Y,Y,N,N,N,C00760397,NO NONSENSE PAC,,,,,,
"Nadler, Jerrold",New York,12,Democratic,incumbent,House,Y,Y,N,N,N,C00363317,Jerry's PAC,,,,,,
"Espaillat, Adriano",New York,13,Democratic,incumbent,House,Y,Y,N,N,N,C00764993,LIBERTY-LIBERTAD PAC,,,,,,
"Ocasio-Cortez, Alexandria",New York,14,Democratic,incumbent,House,Y,Y,N,N,N,C00692202,Courage to Change PAC,,,,,,
"Torres, Ritchie",New York,15,Democratic,incumbent,House,Y,Y,N,N,N,C00753947,LA BAMBA PAC,C00834762,CHUTZ PAC,,,,
"Bowman, Jamaal",New York,16,Democratic,incumbent,House,Y,Y,N,N,N,C00827295,FOR THE CHILDREN PAC,,,,,,
"Lawler, Michael",New York,17,Republican,freshman,House,Y,Y,N,N,N,C00817338,MVL PAC,,,,,,
"Ryan, Patrick",New York,18,Democratic,incumbent,House,Y,Y,N,N,N,C00832576,GREAT CHAIN PAC,,,,,,
"Molinaro, Marcus J.",New York,19,Republican,freshman,House,Y,Y,N,N,N,C00817825,RED HOOK PAC,,,,,,
"Tonko, Paul",New York,20,Democratic,incumbent,House,Y,Y,N,N,N,C00508010,Progressives Advancing United Leadership,,,,,,
"Stefanik, Elise M.",New York,21,Republican,incumbent,House,Y,Y,N,N,N,C00570945,E-PAC,,,,,,
"Williams, Brandon",New York,22,Republican,freshman,House,Y,Y,N,N,N,C00809574,Central New York PAC,,,,,,
"Langworthy, Nicholas A.",New York,23,Republican,freshman,House,Y,Y,Y,N,N,C00827881,CIRCLE THE WAGONS PAC,C00878785,RIGHT HERE RIGHT NOW PAC,,,,
"Tenney, Claudia",New York,24,Republican,incumbent,House,Y,Y,N,N,N,C00635367,Tenacious PAC,,,,,,
"Morelle, Joseph D.",New York,25,Democratic,incumbent,House,Y,Y,N,N,N,C00714501,Leaders in Life Acting Cooperatively (LILAC) PAC,,,,,,
"Kennedy, Tim",New York,26,Democratic,freshman,House,Y,Y,,,,C00881698,Rebuild America PAC,,,,,,
"Gillibrand, Kirsten E.",New York,At Large,Democratic,incumbent,Senate,Y,Y,N,N,N,C00525600,Off the Sidelines,,,,,,
"Schumer, Charles E.",New York,At Large,Democratic,incumbent,Senate,Y,Y,N,N,N,C00348607,Impact,,,,,,
"Davis, Donald G.",North Carolina,1,Democratic,freshman,House,Y,Y,N,N,N,C00854430,PEOPLE IN RURAL AREAS TRANSFORM ELECTIONS (PIRATE) PAC,,,,,,
"Ross, Deborah K.",North Carolina,2,Democratic,incumbent,House,Y,Y,N,N,N,C00768408,CAROLINA VICTORY FUND,,,,,,
"Murphy, Gregory",North Carolina,3,Republican,incumbent,House,Y,Y,N,N,N,C00724229,Victory East,,,,,,
"Foushee, Valerie P.",North Carolina,4,Democratic,freshman,House,Y,Y,N,N,N,C00838649,LONGLEAF PAC,,,,,,
"Foxx, Virginia",North Carolina,5,Republican,incumbent,House,Y,Y,N,N,N,C00525212,Victory & Freedom PAC,,,,,,
"Manning, Kathy E.",North Carolina,6,Democratic,incumbent,House,Y,Y,N,N,N,C00779520,KMPAC,,,,,,
"Rouzer, David",North Carolina,7,Republican,incumbent,House,Y,Y,N,N,N,C00577288,Deciding Critical Races,,,,,,
"Bishop, Dan",North Carolina,8,Republican,incumbent,House,Y,N,N,N,N,,,,,,,,
"Hudson, Richard",North Carolina,9,Republican,incumbent,House,Y,Y,N,N,N,C00540146,First In Freedom Pac,,,,,,
"McHenry, Patrick T.",North Carolina,10,Republican,incumbent,House,Y,Y,N,N,N,C00540187,More Conservatives PAC,,,,,,
"Edwards, Chuck",North Carolina,11,Republican,freshman,House,Y,Y,N,N,N,C00828426,BLUE RIDGE VICTORY FUND,,,,,,
"Adams, Alma S.",North Carolina,12,Democratic,incumbent,House,Y,Y,N,N,N,C00572586,Capitol Heel PAC,,,,,,
"Nickel, Wiley",North Carolina,13,Democratic,freshman,House,Y,Y,N,N,N,C00839662,COYOTE PAC,,,,,,
"Jackson, Jeff",North Carolina,14,Democratic,freshman,House,Y,N,N,N,N,,,,,,,,
"Budd, Ted",North Carolina,At Large,Republican,freshman,Senate,Y,Y,N,N,N,C00633818,Old North State PAC,C00834507,BUILDING UP DEMOCRACY'S DREAM,,,,
"Tillis, Thomas",North Carolina,At Large,Republican,incumbent,Senate,Y,Y,Y,N,N,C00571323,Together Holding Our Majority PAC,C00768085,NC RED,,,,
"Armstrong, Kelly",North Dakota,At Large,Republican,incumbent,House,Y,Y,N,N,N,C00691147,Roughrider PAC,,,,,,
"Cramer, Kevin",North Dakota,At Large,Republican,incumbent,Senate,Y,Y,Y,N,N,C00543207,Badlands PAC,C00691915,Prayerie PAC,,,,
"Hoeven, John",North Dakota,At Large,Republican,incumbent,Senate,Y,Y,N,N,N,C00493072,Dakota PAC,,,,,,
"Sablan, Gregorio Kilili Camacho",Northern Mariana Islands,At Large,Democratic,incumbent,House,N,N,N,N,N,,,,,,,,
"Landsman, Greg",Ohio,1,Democratic,freshman,House,Y,Y,N,N,N,C00884692,DEMOCRACY & FREEDOM PAC,,,,,,
"Wenstrup, Brad R.",Ohio,2,Republican,incumbent,House,Y,Y,N,N,N,C00590356,Building & Restoring the American Dream,,,,,,
"Beatty, Joyce",Ohio,3,Democratic,incumbent,House,Y,Y,N,N,N,C00545236,New Voice PAC,,,,,,
"Jordan, Jim",Ohio,4,Republican,incumbent,House,Y,Y,Y,N,N,C00552851,House Freedom Fund,C00693796,Buckeye Liberty PAC,,,,
"Latta, Robert E.",Ohio,5,Republican,incumbent,House,Y,Y,N,N,N,C00485540,LATTA PAC,,,,,,
"Rulli, Michael",Ohio,6,Republican,freshman,House,Y,Y,N,N,N,C00859546,OHIO VALLEY LEADERSHIP PAC,,,,,,
"Miller, Max L.",Ohio,7,Republican,freshman,House,Y,Y,N,N,N,C00775999,DEPENDABLE CONSERVATIVE LEADERSHIP PAC,,,,,,
"Davidson, Warren",Ohio,8,Republican,incumbent,House,Y,Y,N,N,N,C00634519,Defend Freedom PAC,,,,,,
"Kaptur, Marcy",Ohio,9,Democratic,incumbent,House,Y,Y,N,N,N,C00417865,Truedem Leadership Fund,,,,,,
"Turner, Michael R.",Ohio,10,Republican,incumbent,House,Y,Y,N,N,N,C00525238,Impact Cmte,,,,,,
"Brown, Shontel M.",Ohio,11,Democratic,incumbent,House,Y,Y,N,N,N,C00804153,Strength in Seven PAC,,,,,,
"Balderson, Troy",Ohio,12,Republican,incumbent,House,Y,Y,N,N,N,C00706176,"TROY PAC, Your Ohio Republican Team",,,,,,
"Sykes, Emilia Strong",Ohio,13,Democratic,freshman,House,Y,Y,N,N,N,C00723676,We Belong Here PAC,,,,,,
"Joyce, David P.",Ohio,14,Republican,incumbent,House,Y,Y,N,N,N,C00571216,Defending American Values Everywhere,,,,,,
"Carey, Mike",Ohio,15,Republican,incumbent,House,Y,Y,N,N,N,C00787879,CARRY ON PAC,,,,,,
"Brown, Sherrod",Ohio,At Large,Democratic,incumbent,Senate,Y,Y,Y,N,N,C00331694,America Works Federal,C00690073,America Works State & Local PAC,,,,
"Vance, J. D.",Ohio,At Large,Republican,freshman,Senate,Y,Y,N,N,N,C00783167,Working for Ohio,,,,,,
"Hern, Kevin",Oklahoma,1,Republican,incumbent,House,Y,Y,N,N,N,C00692715,Help Elect Republicans Now,,,,,,
"Brecheen, Josh",Oklahoma,2,Republican,freshman,House,Y,Y,N,N,N,C00827394,BLESSING OF LIBERTY,,,,,,
"Lucas, Frank D.",Oklahoma,3,Republican,incumbent,House,Y,Y,N,N,N,C00489906,Funding Developing Leadership PAC,,,,,,
"Cole, Tom",Oklahoma,4,Republican,incumbent,House,Y,Y,N,N,N,C00404392,COLE PAC,,,,,,
"Bice, Stephanie I.",Oklahoma,5,Republican,incumbent,House,Y,Y,N,N,N,C00765644,BIG IDEAS CREATE EXCELLENCE - BICE PAC,,,,,,
"Lankford, James",Oklahoma,At Large,Republican,incumbent,Senate,Y,Y,N,N,N,C00492058,Lank PAC,,,,,,
"Mullin, Markwayne",Oklahoma,At Large,Republican,freshman,Senate,Y,Y,N,N,N,C00567545,Boots PAC,,,,,,
"Bonamici, Suzanne",Oregon,1,Democratic,incumbent,House,Y,Y,N,N,N,C00543116,Good Friends PAC,,,,,,
"Bentz, Cliff",Oregon,2,Republican,incumbent,House,Y,Y,N,N,N,C00761528,OREGON FRONTIER PAC,,,,,,
"Blumenauer, Earl",Oregon,3,Democratic,incumbent,House,Y,Y,N,N,N,C00323352,Committee for a Livable Future,,,,,,
"Hoyle, Val T.",Oregon,4,Democratic,freshman,House,Y,Y,N,N,N,C00848556,McKenzie River PAC,,,,,,
"Chavez-DeRemer, Lori",Oregon,5,Republican,freshman,House,Y,Y,N,N,N,C00819102,DREAMAKERS PAC,,,,,,
"Salinas, Andrea",Oregon,6,Democratic,freshman,House,Y,Y,N,N,N,C00850784,WILLAMETTE VALLEY PAC,,,,,,
"Merkley, Jeff",Oregon,At Large,Democratic,incumbent,Senate,Y,Y,Y,Y,N,C00460972,Blue Wave PAC,C00605410,Climate Champions PAC,C00743641,Blue Senate PAC,,
"Wyden, Ron",Oregon,At Large,Democratic,incumbent,Senate,Y,Y,N,N,N,C00392738,Holding Onto Oregon's Priorities,,,,,,
"Fitzpatrick, Brian K.",Pennsylvania,1,Republican,incumbent,House,Y,Y,N,N,N,C00647354,Bringing America Together,,,,,,
"Boyle, Brendan F.",Pennsylvania,2,Democratic,incumbent,House,Y,Y,N,N,N,C00584805,BFB PAC,,,,,,
"Evans, Dwight",Pennsylvania,3,Democratic,incumbent,House,Y,Y,N,N,N,C00630541,Block By Block PAC,,,,,,
"Dean, Madeleine",Pennsylvania,4,Democratic,incumbent,House,Y,Y,N,N,N,C00757344,Making A Difference PAC,,,,,,
"Scanlon, Mary Gay",Pennsylvania,5,Democratic,incumbent,House,Y,Y,N,N,N,C00699421,MGS PAC,,,,,,
"Houlahan, Chrissy",Pennsylvania,6,Democratic,incumbent,House,Y,Y,N,N,N,C00708636,HoulaPAC,,,,,,
"Wild, Susan",Pennsylvania,7,Democratic,incumbent,House,Y,Y,N,N,N,C00776310,WE INVEST IN LIVES AND DREAMS (WILD) PAC,,,,,,
"Cartwright, Matt",Pennsylvania,8,Democratic,incumbent,House,Y,Y,N,N,N,C00547448,Making Americans Count PAC,,,,,,
"Meuser, Daniel",Pennsylvania,9,Republican,incumbent,House,Y,Y,N,N,N,C00708172,DAN PAC,,,,,,
"Perry, Scott",Pennsylvania,10,Republican,incumbent,House,Y,Y,N,N,N,C00528075,First Capital PAC,,,,,,
"Smucker, Lloyd",Pennsylvania,11,Republican,incumbent,House,Y,Y,N,N,N,C00656777,Jam PAC,,,,,,
"Lee, Summer L.",Pennsylvania,12,Democratic,freshman,House,Y,N,N,N,N,,,,,,,,
"Joyce, John",Pennsylvania,13,Republican,incumbent,House,Y,Y,N,N,N,C00691501,Re-Joyce PAC,,,,,,
"Reschenthaler, Guy",Pennsylvania,14,Republican,incumbent,House,Y,Y,N,N,N,C00689208,RVFPAC,,,,,,
"Thompson, Glenn",Pennsylvania,15,Republican,incumbent,House,Y,Y,N,N,N,C00526715,Greater Tomorrow PAC,,,,,,
"Kelly, Mike",Pennsylvania,16,Republican,incumbent,House,Y,Y,N,N,N,C00524603,Keeping America Rolling PAC,,,,,,
"Deluzio, Christopher R.",Pennsylvania,17,Democratic,freshman,House,Y,Y,N,N,N,C00830182,YINZER PAC,,,,,,
"Casey, Robert P., Jr.",Pennsylvania,At Large,Democratic,incumbent,Senate,Y,Y,N,N,N,C00439992,Keystone America PAC,,,,,,
"Fetterman, John",Pennsylvania,At Large,Democratic,freshman,Senate,Y,Y,N,N,N,C00831214,EVERY VOTE PAC,,,,,,
"González-Colón, Jenniffer",Puerto Rico,At Large,Republican,incumbent,House,N,Y,N,N,N,C00629998,JENNI ACHIEVING GOALS & OPPORTUNITIES - JGO LPAC,,,,,,
"Amo, Gabe",Rhode Island,1,Democratic,freshman,House,Y,Y,N,N,N,C00866111,AMERICANS MAKING OPPORTUNITIES (AMO PAC),,,,,,
"Magaziner, Seth",Rhode Island,2,Democratic,freshman,House,Y,Y,N,N,N,C00839886,CLEAN ENERGY DEMOCRATS PAC,,,,,,
"Reed, Jack",Rhode Island,At Large,Democratic,incumbent,Senate,Y,Y,N,N,N,C00403592,Narragansett Bay PAC,,,,,,
"Whitehouse, Sheldon",Rhode Island,At Large,Democratic,incumbent,Senate,Y,Y,N,N,N,C00431601,Oceans PAC,,,,,,
"Mace, Nancy",South Carolina,1,Republican,incumbent,House,Y,Y,N,N,N,C00763326,MUST ACT TO CREATE EXCELLENCE PAC,,,,,,
"Wilson, Joe",South Carolina,2,Republican,incumbent,House,Y,Y,N,N,N,C00376756,Speak Up America PAC,,,,,,
"Duncan, Jeff",South Carolina,3,Republican,incumbent,House,Y,Y,N,N,N,C00516724,"Jobs, Energy & Our Founding Fathers PAC",,,,,,
"Timmons, William R. IV",South Carolina,4,Republican,incumbent,House,Y,Y,N,N,N,C00703173,Upstate SC PAC,,,,,,
"Norman, Ralph",South Carolina,5,Republican,incumbent,House,Y,Y,N,N,N,C00781740,CONSERVATIVE OPPORTUNITY FUND,,,,,,
"Clyburn, James E.",South Carolina,6,Democratic,incumbent,House,Y,Y,N,N,N,C00399196,BRIDGE PAC,,,,,,
"Fry, Russell",South Carolina,7,Republican,freshman,House,Y,Y,N,N,N,C00820209,BOOTSTRAP PRIORITIES PAC,,,,,,
"Graham, Lindsey",South Carolina,At Large,Republican,incumbent,Senate,Y,Y,N,N,N,C00388934,Fund for America's Future,,,,,,
"Scott, Tim",South Carolina,At Large,Republican,incumbent,Senate,Y,Y,Y,N,N,C00495887,Tomorrow Is Meaningful,C00827519,TOMORROW IS MEANINGFUL,C00495887,TOMORROW IS MEANINGFUL - FEDERAL,,
"Johnson, Dusty",South Dakota,At Large,Republican,incumbent,House,Y,Y,N,N,N,C00688549,Dakota Leadership PAC,,,,,,
"Rounds, Mike",South Dakota,At Large,Republican,incumbent,Senate,Y,Y,N,N,N,C00571976,Peter Norbeck Leadership PAC,,,,,,
"Thune, John",South Dakota,At Large,Republican,incumbent,Senate,Y,Y,Y,N,N,C00409003,Heartland Values PAC,C00748186,"Commonsense, Conservative Values PAC",,,,
"Harshbarger, Diana",Tennessee,1,Republican,incumbent,House,Y,Y,N,N,N,C00765578,TENNESSEE TOUGH PAC,,,,,,
"Burchett, Tim",Tennessee,2,Republican,incumbent,House,Y,Y,N,N,N,C00704411,Volunteer Issues PAC,,,,,,
"Fleischmann, Charles J. ""Chuck""",Tennessee,3,Republican,incumbent,House,Y,Y,N,N,N,C00686402,Nooga PAC,,,,,,
"DesJarlais, Scott",Tennessee,4,Republican,incumbent,House,Y,Y,N,N,N,C00513523,TN4U PAC,,,,,,
"Ogles, Andrew",Tennessee,5,Republican,freshman,House,Y,Y,N,N,N,C00816751,IT MATTERS WHO LEADS PAC,,,,,,
"Rose, John W.",Tennessee,6,Republican,incumbent,House,Y,Y,N,N,N,C00697698,Republicans Offering Solutions For Everyone,,,,,,
"Green, Mark E.",Tennessee,7,Republican,incumbent,House,Y,Y,N,N,N,C00687525,Never Surrender PAC,,,,,,
"Kustoff, David",Tennessee,8,Republican,incumbent,House,Y,Y,N,N,N,C00635219,Delivering American Values in DC,,,,,,
"Cohen, Steve",Tennessee,9,Democratic,incumbent,House,Y,Y,N,N,N,C00697581,Go Tigers PAC,,,,,,
"Blackburn, Marsha",Tennessee,At Large,Republican,incumbent,Senate,Y,Y,Y,N,N,C00409276,MARSHA PAC,C00750539,The Volunteer PAC,,,,
"Hagerty, Bill",Tennessee,At Large,Republican,incumbent,Senate,Y,Y,Y,N,N,C00795708,TENNESSEE EAGLE PAC,C00719971,Senate Eagle PAC,,,,
"Moran, Nathaniel",Texas,1,Republican,freshman,House,Y,Y,N,N,N,C00812586,First in Texas PAC,,,,,,
"Crenshaw, Dan",Texas,2,Republican,incumbent,House,Y,Y,N,N,N,C00686816,America Reloaded,,,,,,
"Self, Keith",Texas,3,Republican,freshman,House,Y,Y,N,N,N,C00821959,ALL AMERICAN PAC,,,,,,
"Fallon, Pat",Texas,4,Republican,incumbent,House,Y,Y,N,N,N,C00758722,Patriots Always Triumph,,,,,,
"Gooden, Lance",Texas,5,Republican,incumbent,House,Y,Y,N,N,N,C00685115,Growing Our Own Dynamic Economy Now,,,,,,
"Ellzey, Jake",Texas,6,Republican,incumbent,House,Y,Y,N,N,N,C00786368,31 DAYS PAC,,,,,,
"Fletcher, Lizzie",Texas,7,Democratic,incumbent,House,Y,Y,N,N,N,C00765198,LEADING PEOPLE FORWARD PAC,,,,,,
"Luttrell, Morgan",Texas,8,Republican,freshman,House,Y,Y,N,N,N,C00813162,No Easy Day PAC,,,,,,
"Green, Al",Texas,9,Democratic,incumbent,House,Y,N,N,N,N,,,,,,,,
"McCaul, Michael T.",Texas,10,Republican,incumbent,House,Y,Y,N,N,N,C00481531,Texas Republicans United PAC,,,,,,
"Pfluger, August",Texas,11,Republican,incumbent,House,Y,Y,N,N,N,C00749481,Raptor PAC,,,,,,
"Granger, Kay",Texas,12,Republican,incumbent,House,Y,Y,N,N,N,C00345058,Common Sense Common Solutions,,,,,,
"Jackson, Ronny",Texas,13,Republican,incumbent,House,Y,Y,N,N,N,C00753384,Texas Red,,,,,,
"Weber, Randy K., Sr.",Texas,14,Republican,incumbent,House,Y,Y,N,N,N,C00553883,Building American Conservatism PAC,,,,,,
"De La Cruz, Monica",Texas,15,Republican,freshman,House,Y,Y,N,N,N,C00808717,Keep Texas Texas PAC,,,,,,
"Escobar, Veronica",Texas,16,Democratic,incumbent,House,Y,Y,N,N,N,C00677708,Frontera Vision PAC,,,,,,
"Sessions, Pete",Texas,17,Republican,incumbent,House,Y,Y,N,N,N,C00765198,LEADING PEOPLE FORWARD PAC,,,,,,
"Lee Carter, Erica",Texas,18,Democratic,freshman,House,Y,N,,,,,,,,,,,
"Arrington, Jodey C.",Texas,19,Republican,incumbent,House,Y,Y,N,N,N,C00672733,Bulldog PAC,,,,,,
"Castro, Joaquin",Texas,20,Democratic,incumbent,House,Y,N,N,N,N,,,,,,,,
"Roy, Chip",Texas,21,Republican,incumbent,House,Y,Y,N,N,N,C00693895,Come and Take It PAC,,,,,,
"Nehls, Troy E.",Texas,22,Republican,incumbent,House,Y,Y,N,N,N,C00757120,Now Electing Honest Leadership and Service PAC,,,,,,
"Gonzales, Tony",Texas,23,Republican,incumbent,House,Y,Y,N,N,N,C00755173,Honor Courage Commitment PAC,,,,,,
"Van Duyne, Beth",Texas,24,Republican,incumbent,House,Y,Y,N,N,N,C00762930,Be Victorious Over Democrats PAC,,,,,,
"Williams, Roger",Texas,25,Republican,incumbent,House,Y,Y,N,N,N,C00531590,Patriots In Action,,,,,,
"Burgess, Michael C.",Texas,26,Republican,incumbent,House,Y,Y,N,N,N,C00415208,Lone Star Leadership PAC,,,,,,
"Cloud, Michael",Texas,27,Republican,incumbent,House,Y,Y,N,N,N,C00729616,City on a Hill PAC,,,,,,
"Cuellar, Henry",Texas,28,Democratic,incumbent,House,Y,Y,N,N,N,C00439398,Texas First PAC,,,,,,
"Garcia, Sylvia R.",Texas,29,Democratic,incumbent,House,Y,Y,N,N,N,C00729871,Putting People First PAC,,,,,,
"Crockett, Jasmine",Texas,30,Democratic,freshman,House,Y,Y,N,N,N,C00829655,FUELING INDIVIDUAL RIGHTS EVERYWHERE (FIRE) PAC,,,,,,
"Carter, John R.",Texas,31,Republican,incumbent,House,Y,Y,N,N,N,C00427401,CARTER PAC,,,,,,
"Allred, Colin Z.",Texas,32,Democratic,incumbent,House,Y,Y,N,N,N,C00759019,All In PAC,,,,,,
"Veasey, Marc A.",Texas,33,Democratic,incumbent,House,Y,Y,N,N,N,C00562330,Making a Real Change,,,,,,
"Gonzalez, Vicente",Texas,34,Democratic,incumbent,House,Y,Y,N,N,N,C00660613,Fighting for South Texas,,,,,,
"Casar, Greg",Texas,35,Democratic,freshman,House,Y,Y,N,N,N,C00811216,Our Fight Our Future,,,,,,
"Babin, Brian",Texas,36,Republican,incumbent,House,Y,Y,N,N,N,C00589994,Building Renewal in America Now,,,,,,
"Doggett, Lloyd",Texas,37,Democratic,incumbent,House,Y,N,N,N,N,,,,,,,,
"Hunt, Wesley",Texas,38,Republican,freshman,House,Y,Y,N,N,N,C00807412,Hellfire PAC,,,,,,
"Cruz, Ted",Texas,At Large,Republican,incumbent,Senate,Y,Y,N,N,N,C00536540,"Jobs, Growth & Freedom Fund",,,,,,
"Cornyn, John",Texas,At Large,Republican,incumbent,Senate,Y,Y,Y,N,N,C00387464,Alamo PAC,C00570861,R Senate PAC,,,,
"Moore, Blake D.",Utah,1,Republican,incumbent,House,Y,Y,N,N,N,C00757922,Expect More Leadership PAC,,,,,,
"Maloy, Celeste",Utah,2,Republican,freshman,House,Y,N,N,N,N,,,,,,,,
"Curtis, John R.",Utah,3,Republican,incumbent,House,Y,Y,N,N,N,C00654186,Utah First PAC,,,,,,
"Owens, Burgess",Utah,4,Republican,incumbent,House,Y,Y,N,N,N,C00769125,JUST WIN BABY,,,,,,
"Lee, Mike",Utah,At Large,Republican,incumbent,Senate,Y,Y,N,N,N,C00494302,Lead Encourage Elect PAC,,,,,,
"Romney, Mitt",Utah,At Large,Republican,incumbent,Senate,Y,Y,N,N,N,C00691154,Believe in America PAC,,,,,,
"Balint, Becca",Vermont,At Large,Democratic,freshman,House,Y,Y,N,N,N,C00836304,COURAGE PAC,,,,,,
"Sanders, Bernard",Vermont,At Large,Independent,incumbent,Senate,Y,Y,N,N,N,C00406553,Progressive Voters of America,,,,,,
"Welch, Peter",Vermont,At Large,Democratic,freshman,Senate,Y,Y,N,N,N,C00542621,Maple PAC,,,,,,
"Plaskett, Stacey E.",Virgin Islands,At Large,Democratic,incumbent,House,N,Y,N,N,N,C00700203,GRANGE PAC,,,,,,
"Wittman, Robert J.",Virginia,1,Republican,incumbent,House,Y,Y,N,N,N,C00524314,America's First PAC,,,,,,
"Kiggans, Jennifer A",Virginia,2,Republican,freshman,House,Y,N,N,N,N,,,,,,,,
"Scott, Robert C. ""Bobby""",Virginia,3,Democratic,incumbent,House,Y,Y,N,N,N,C00625111,Strengthening Virginia's Working Families PAC,,,,,,
"McClellan, Jennifer ",Virginia,4,Democratic,freshman,House,Y,Y,N,N,N,C00893388,JOYFULLY MOBILIZING ACTION AND COMMUNITY PAC - JMAC PAC,,,,,,
"Good, Bob",Virginia,5,Republican,incumbent,House,Y,Y,N,N,N,C00801993,VA Conservative Leadership Fund,,,,,,
"Cline, Ben",Virginia,6,Republican,incumbent,House,Y,Y,N,N,N,C00798025,CONSERVATIVE LEADERSHIP IN ELECTIONS (CLINE PAC),,,,,,
"Spanberger, Abigail Davis",Virginia,7,Democratic,incumbent,House,Y,Y,N,N,N,C00830174,SECURING PROGRESS ACROSS OUR NATION PAC (SPAN PAC),,,,,,
"Beyer, Donald S., Jr.",Virginia,8,Democratic,incumbent,House,Y,Y,N,N,N,C00566562,BackPAC,,,,,,
"Griffith, H. Morgan",Virginia,9,Republican,incumbent,House,Y,Y,N,N,N,C00520841,Fightin' Ninth PAC,,,,,,
"Wexton, Jennifer",Virginia,10,Democratic,incumbent,House,Y,Y,N,N,N,C00705152,Women Excel PAC,,,,,,
"Connolly, Gerald E.",Virginia,11,Democratic,incumbent,House,Y,Y,N,N,N,C00498931,Commonwealth PAC,,,,,,
"Kaine, Tim",Virginia,At Large,Democratic,incumbent,Senate,Y,Y,N,N,N,C00538835,Common Ground PAC,,,,,,
"Warner, Mark R.",Virginia,At Large,Democratic,incumbent,Senate,Y,Y,N,N,N,C00412791,Forward Together PAC,,,,,,
"DelBene, Suzan K.",Washington,1,Democratic,incumbent,House,Y,Y,Y,N,N,C00576090,Evergreen PAC,C00844720,Democratic Majority Fund,,,,
"Larsen, Rick",Washington,2,Democratic,incumbent,House,Y,Y,N,N,N,C00551168,Puget PAC,,,,,,
"Perez, Marie Gluesenkamp",Washington,3,Democratic,freshman,House,Y,Y,N,N,N,C00833574,TIMBER PAC,,,,,,
"Newhouse, Dan",Washington,4,Republican,incumbent,House,Y,Y,N,N,N,C00611400,New Energy In Washington,,,,,,
"McMorris Rodgers, Cathy",Washington,5,Republican,incumbent,House,Y,Y,N,N,N,C00469429,CMR PAC,,,,,,
"Kilmer, Derek",Washington,6,Democratic,incumbent,House,Y,Y,N,N,N,C00531632,Defense Economic Renewal Education & Knowledge PAC,,,,,,
"Jayapal, Pramila",Washington,7,Democratic,incumbent,House,Y,Y,Y,N,N,C00685552,Medicare for All PAC,C00629576,Build Our Movement,,,,
"Schrier, Kim",Washington,8,Democratic,incumbent,House,Y,N,N,N,N,,,,,,,,
"Smith, Adam",Washington,9,Democratic,incumbent,House,Y,Y,N,N,N,C00492025,American Defense & Military PAC,,,,,,
"Strickland, Marilyn",Washington,10,Democratic,incumbent,House,Y,Y,N,N,N,C00765727,TAHOMA PAC,,,,,,
"Cantwell, Maria",Washington,At Large,Democratic,incumbent,Senate,Y,N,N,N,N,,,,,,,,
"Murray, Patty",Washington,At Large,Democratic,incumbent,Senate,Y,Y,N,N,N,C00365270,M-PAC,,,,,,
"Miller, Carol D.",West Virginia,1,Republican,incumbent,House,Y,Y,N,N,N,C00691626,Cut the Bull PAC,,,,,,
"Mooney, Alexander X.",West Virginia,2,Republican,incumbent,House,Y,Y,N,N,N,C00641142,Americans for Legislating Excellence PAC,,,,,,
"Capito, Shelley Moore",West Virginia,At Large,Republican,incumbent,Senate,Y,Y,N,N,N,C00489336,Wild & Wonderful PAC,,,,,,
"Manchin, Joe, III",West Virginia,At Large,Democratic,incumbent,Senate,Y,Y,N,N,N,C00484402,Country Roads PAC,,,,,,
"Steil, Bryan",Wisconsin,1,Republican,incumbent,House,Y,Y,N,N,N,C00697326,On Wisconsin PAC,,,,,,
"Pocan, Mark",Wisconsin,2,Democratic,incumbent,House,Y,Y,N,N,N,C00529693,Blue Majority PAC,,,,,,
"Van Orden, Derrick",Wisconsin,3,Republican,freshman,House,Y,Y,N,N,N,C00809012,Frogman PAC,,,,,,
"Moore, Gwen",Wisconsin,4,Democratic,incumbent,House,Y,Y,N,N,N,C00431478,GWEN PAC,,,,,,
"Fitzgerald, Scott",Wisconsin,5,Republican,incumbent,House,Y,Y,N,N,N,C00760694,Sconnie PAC,,,,,,
"Grothman, Glenn",Wisconsin,6,Republican,incumbent,House,Y,Y,N,N,N,C00628669,1848 PAC,,,,,,
"Tiffany, Thomas P.",Wisconsin,7,Republican,incumbent,House,Y,Y,N,N,N,C00747204,Dam Man PAC,,,,,,
"Wied, Tony",Wisconsin,8,Republican,freshman,House,Y,Y,,,,C00875781,RIGHT WISCONSIN PAC,,,,,,
"Baldwin, Tammy",Wisconsin,At Large,Democratic,incumbent,Senate,Y,Y,N,N,N,C00410092,People's Voice PAC,,,,,,
"Johnson, Ron",Wisconsin,At Large,Republican,incumbent,Senate,Y,Y,N,N,N,C00497842,Strategy PAC,,,,,,
"Hageman, Harriet M.",Wyoming,At Large,Republican,freshman,House,Y,Y,N,N,N,C00799809,1890 PAC,,,,,,
"Barrasso, John",Wyoming,At Large,Republican,incumbent,Senate,Y,Y,Y,N,N,C00442368,Common Values PAC,C00876912,LASSO PAC,,,,
"Lummis, Cynthia M.",Wyoming,At Large,Republican,incumbent,Senate,Y,Y,N,N,N,C00762682,Steer PAC,,,,,,