STATE,DISTRICT,NAME,PARTY,CHAMBER,EXPERIENCE,VOTING_MEMBER,IN_CYCLE,RETIREMENT,CPR_TOSSUP,COMMITTEE_ID,COMMITTEE_NAME,,
Alabama,1,"Carl, Jerry L.",Republican,House,incumbent,Y,Y,N,N,C00697789,JERRY CARL FOR CONGRESS,,
Alabama,2,"Moore, Barry",Republican,House,incumbent,Y,Y,N,N,C00720375,BARRY MOORE FOR CONGRESS,,
Alabama,3,"Rogers, Mike D.",Republican,House,incumbent,Y,Y,N,N,C00367862,MIKE ROGERS FOR CONGRESS,,
Alabama,4,"Aderholt, Robert B.",Republican,House,incumbent,Y,Y,N,N,C00313247,ROBERT ADERHOLT FOR CONGRESS,,
Alabama,5,"Strong, Dale W.",Republican,House,freshman,Y,Y,N,N,C00774281,DALE STRONG FOR CONGRESS,,
Alabama,6,"Palmer, Gary J.",Republican,House,incumbent,Y,Y,N,N,C00551374,GARY PALMER FOR CONGRESS,,
Alabama,7,"Sewell, Terri A.",Democratic,House,incumbent,Y,Y,N,N,C00458976,TERRI SEWELL FOR CONGRESS,,
Alabama,Senator - At Large,"Britt, Katie Boyd",Republican,Senate,freshman,Y,N,N,N,C00781443,BRITT FOR ALABAMA INC,,
Alabama,Senator - At Large,"Tuberville, Tommy",Republican,Senate,incumbent,Y,N,N,N,C00701672,"TUBERVILLE FOR SENATE, INC.",,
Alaska,At Large,"Peltola, Mary Sattler",Democratic,House,incumbent,Y,Y,N,Y,C00812388,MARY PELTOLA FOR ALASKA,,
Alaska,Senator - At Large,"Murkowski, Lisa",Republican,Senate,incumbent,Y,N,N,N,C00384529,LISA MURKOWSKI FOR US SENATE,,
Alaska,Senator - At Large,"Sullivan, Dan",Republican,Senate,incumbent,Y,N,N,N,C00570994,ALASKANS FOR DAN SULLIVAN,,
American Samoa,At Large,"Radewagen, Aumua Amata Coleman",Republican,House,incumbent,N,Y,N,N,C00393041,FRIENDS OF AMATA,,
Arizona,1,"Schweikert, David",Republican,House,incumbent,Y,Y,N,Y,C00540617,FRIENDS OF DAVID SCHWEIKERT,,
Arizona,2,"Crane, Elijah ",Republican,House,freshman,Y,Y,N,N,C00784934,ELI CRANE FOR CONGRESS,,
Arizona,3,"Gallego, Ruben",Democratic,House,incumbent,Y,Y,Y,N,C00558627,GALLEGO FOR ARIZONA,,
Arizona,4,"Stanton, Greg",Democratic,House,incumbent,Y,Y,N,N,C00657304,STANTON FOR CONGRESS,,
Arizona,5,"Biggs, Andy",Republican,House,incumbent,Y,Y,N,N,C00610451,BIGGS FOR CONGRESS,,
Arizona,6,"Ciscomani, Juan",Republican,House,freshman,Y,Y,N,Y,C00786194,CISCOMANI FOR CONGRESS,,
Arizona,7,"Grijalva, Raul M.",Democratic,House,incumbent,Y,Y,N,N,C00374058,A WHOLE LOT OF PEOPLE FOR GRIJALVA CONGRESSIONAL COMMITTEE,,
Arizona,8,"Lesko, Debbie",Republican,House,incumbent,Y,Y,Y,N,C00663914,DEBBIE LESKO FOR CONGRESS,,
Arizona,9,"Gosar, Paul A.",Republican,House,incumbent,Y,Y,N,N,C00461806,GOSAR FOR CONGRESS,,
Arizona,Senator - At Large,"Kelly, Mark",Democratic,Senate,incumbent,Y,N,N,N,C00696526,MARK KELLY FOR SENATE,,
Arizona,Senator - At Large,"Sinema, Kyrsten",Independent,Senate,incumbent,Y,"NA, RETIRED",Y,N,C00508804,SINEMA FOR ARIZONA,,
Arkansas,1,"Crawford, Eric A. ""Rick""",Republican,House,incumbent,Y,Y,N,N,C00462374,CRAWFORD FOR CONGRESS,,
Arkansas,2,"Hill, J. French",Republican,House,incumbent,Y,Y,N,N,C00551275,FRENCH HILL FOR ARKANSAS,,
Arkansas,3,"Womack, Steve",Republican,House,incumbent,Y,Y,N,N,C00477745,WOMACK FOR CONGRESS COMMITTEE,,
Arkansas,4,"Westerman, Bruce",Republican,House,incumbent,Y,Y,N,N,C00548180,WESTERMAN FOR CONGRESS,,
Arkansas,Senator - At Large,"Boozman, John",Republican,Senate,incumbent,Y,N,N,N,C00476317,BOOZMAN FOR ARKANSAS,,
Arkansas,Senator - At Large,"Cotton, Tom",Republican,Senate,incumbent,Y,N,N,N,C00499988,"COTTON FOR SENATE, INC.",,
California,1,"LaMalfa, Doug",Republican,House,incumbent,Y,Y,N,N,C00509422,DOUG LAMALFA COMMITTEE,,
California,2,"Huffman, Jared",Democratic,House,incumbent,Y,Y,N,N,C00536680,HUFFMAN FOR CONGRESS,,
California,3,"Kiley, Kevin",Republican,House,freshman,Y,Y,N,N,C00801985,KEVIN KILEY FOR CONGRESS,,
California,4,"Thompson, Mike",Democratic,House,incumbent,Y,Y,N,N,C00326363,MIKE THOMPSON FOR CONGRESS,,
California,5,"McClintock, Tom",Republican,House,incumbent,Y,Y,N,N,C00446815,MCCLINTOCK FOR CONGRESS,,
California,6,"Bera, Ami",Democratic,House,incumbent,Y,Y,N,N,C00461061,BERA FOR CONGRESS,,
California,7,"Matsui, Doris O.",Democratic,House,incumbent,Y,Y,N,N,C00409219,MATSUI FOR CONGRESS,,
California,8,"Garamendi, John",Democratic,House,incumbent,Y,Y,N,N,C00462697,GARAMENDI FOR CONGRESS,,
California,9,"Harder, Josh",Democratic,House,incumbent,Y,Y,N,N,C00639146,JOSH HARDER FOR CONGRESS,,
California,10,"DeSaulnier, Mark",Democratic,House,incumbent,Y,Y,N,N,C00554709,MARK DESAULNIER FOR CONGRESS,,
California,11,"Pelosi, Nancy",Democratic,House,incumbent,Y,Y,N,N,C00213512,NANCY PELOSI FOR CONGRESS,,
California,12,"Lee, Barbara",Democratic,House,incumbent,Y,Y,Y,N,C00331769,BARBARA LEE FOR CONGRESS,,
California,13,"Duarte, John S.",Republican,House,freshman,Y,Y,N,Y,C00808279,JOHN DUARTE FOR CONGRESS,,
California,14,"Swalwell, Eric",Democratic,House,incumbent,Y,Y,N,N,C00502294,SWALWELL FOR CONGRESS,,
California,15,"Mullin, Kevin",Democratic,House,freshman,Y,Y,N,N,C00795005,KEVIN MULLIN FOR CONGRESS,,
California,16,"Eshoo, Anna G.",Democratic,House,incumbent,Y,Y,Y,N,C00258475,ANNA ESHOO FOR CONGRESS,,
California,17,"Khanna, Ro",Democratic,House,incumbent,Y,Y,N,N,C00503185,RO FOR CONGRESS INC,,
California,18,"Lofgren, Zoe",Democratic,House,incumbent,Y,Y,N,N,C00289603,LOFGREN FOR CONGRESS,,
California,19,"Panetta, Jimmy",Democratic,House,incumbent,Y,Y,N,N,C00592154,JIMMY PANETTA FOR CONGRESS,,
California,20,"Fong, Vince",Republican,House,freshman,Y,Y,N,N,C00859892,VINCE FONG FOR CONGRESS,,
California,21,"Costa, Jim",Democratic,House,incumbent,Y,Y,N,N,C00391029,JIM COSTA FOR CONGRESS,,
California,22,"Valadao, David G.",Republican,House,incumbent,Y,Y,N,Y,C00499392,VALADAO FOR CONGRESS,,
California,23,"Obernolte, Jay",Republican,House,incumbent,Y,Y,N,N,C00720078,JAY OBERNOLTE FOR CONGRESS,,
California,24,"Carbajal, Salud O.",Democratic,House,incumbent,Y,Y,N,N,C00576041,SALUD CARBAJAL FOR CONGRESS,,
California,25,"Ruiz, Raul",Democratic,House,incumbent,Y,Y,N,N,C00502575,DR. RAUL RUIZ FOR CONGRESS,,
California,26,"Brownley, Julia",Democratic,House,incumbent,Y,Y,N,N,C00513077,JULIA BROWNLEY FOR CONGRESS,,
California,27,"Garcia, Mike",Republican,House,incumbent,Y,Y,N,Y,C00701102,MIKE GARCIA FOR CONGRESS,,
California,28,"Chu, Judy",Democratic,House,incumbent,Y,Y,N,N,C00458125,JUDY CHU FOR CONGRESS,,
California,29,"Cárdenas, Tony",Democratic,House,incumbent,Y,Y,Y,N,C00498873,TONY CARDENAS FOR CONGRESS,,
California,30,"Schiff, Adam B.",Democratic,House,incumbent,Y,Y,Y,N,C00343871,SCHIFF FOR SENATE,,
California,31,"Napolitano, Grace F.",Democratic,House,incumbent,Y,Y,Y,N,C00334706,NAPOLITANO FOR CONGRESS,,
California,32,"Sherman, Brad",Democratic,House,incumbent,Y,Y,N,N,C00308742,SHERMAN FOR CONGRESS,,
California,33,"Aguilar, Pete",Democratic,House,incumbent,Y,Y,N,N,C00510461,PETE AGUILAR FOR CONGRESS,,
California,34,"Gomez, Jimmy",Democratic,House,incumbent,Y,Y,N,N,C00629659,JIMMY GOMEZ FOR CONGRESS,,
California,35,"Torres, Norma J.",Democratic,House,incumbent,Y,Y,N,N,C00557652,NORMA TORRES FOR CONGRESS,,
California,36,"Lieu, Ted",Democratic,House,incumbent,Y,Y,N,N,C00556506,TED LIEU FOR CONGRESS,,
California,37,"Kamlager-Dove, Sydney",Democratic,House,freshman,Y,Y,N,N,C00795823,SYDNEY KAMLAGER-DOVE FOR CONGRESS,,
California,38,"Sánchez, Linda T.",Democratic,House,incumbent,Y,Y,N,N,C00384057,STAND WITH SANCHEZ,,
California,39,"Takano, Mark",Democratic,House,incumbent,Y,Y,N,N,C00498667,MARK TAKANO FOR CONGRESS,,
California,40,"Kim, Young",Republican,House,incumbent,Y,Y,N,N,C00665638,YOUNG KIM FOR CONGRESS,,
California,41,"Calvert, Ken",Republican,House,incumbent,Y,Y,N,Y,C00257337,KEN CALVERT FOR CONGRESS COMMITTEE,,
California,42,"Garcia, Robert",Democratic,House,freshman,Y,Y,N,N,C00797795,ROBERT GARCIA FOR CONGRESS,,
California,43,"Waters, Maxine",Democratic,House,incumbent,Y,Y,N,N,C00167585,CITIZENS FOR WATERS,,
California,44,"Barragan, Nanette Diaz",Democratic,House,incumbent,Y,Y,N,N,C00577353,BARRAGAN FOR CONGRESS,,
California,45,"Steel, Michelle",Republican,House,incumbent,Y,Y,N,Y,C00704981,MICHELLE STEEL FOR CONGRESS,,
California,46,"Correa, J. Luis",Democratic,House,incumbent,Y,Y,N,N,C00578302,LOU CORREA FOR CONGRESS,,
California,47,"Porter, Katie",Democratic,House,incumbent,Y,Y,Y,N,C00636571,KATIE PORTER FOR CONGRESS,,
California,48,"Issa, Darrell E.",Republican,House,incumbent,Y,Y,N,N,C00721332,DARRELL ISSA FOR CONGRESS,,
California,49,"Levin, Mike",Democratic,House,incumbent,Y,Y,N,N,C00634253,MIKE LEVIN FOR CONGRESS,,
California,50,"Peters, Scott H.",Democratic,House,incumbent,Y,Y,N,N,C00503110,SCOTT PETERS FOR CONGRESS,,
California,51,"Jacobs, Sara",Democratic,House,incumbent,Y,Y,N,N,C00719559,SARA JACOBS FOR CONGRESS,,
California,52,"Vargas, Juan",Democratic,House,incumbent,Y,Y,N,N,C00497321,VARGAS FOR CONGRESS,,
California,Senator - At Large,"Butler, Laphonza",Democratic,Senate,freshman,Y,"NA, RETIRED",Y,N,NA,NA,,
California,Senator - At Large,"Padilla, Alex",Democratic,Senate,incumbent,Y,N,N,N,C00765164,ALEX PADILLA FOR SENATE,,
Colorado,1,"DeGette, Diana",Democratic,House,incumbent,Y,Y,N,N,C00311639,DIANA DEGETTE FOR CONGRESS,,
Colorado,2,"Neguse, Joe",Democratic,House,incumbent,Y,Y,N,N,C00648253,JOE NEGUSE FOR CONGRESS,,
Colorado,3,"Boebert, Lauren",Republican,House,incumbent,Y,Y,N,N,C00728238,LAUREN BOEBERT FOR CONGRESS,,
Colorado,4,"Lopez, Greg",Republican,House,freshman,Y,Y,Y,N,C00875252,GREG LOPEZ FOR CONGRESS,CHECK,
Colorado,5,"Lamborn, Doug",Republican,House,incumbent,Y,Y,Y,N,C00420745,LAMBORN FOR CONGRESS,,
Colorado,6,"Crow, Jason",Democratic,House,incumbent,Y,Y,N,N,C00637363,JASON CROW FOR CONGRESS,,
Colorado,7,"Pettersen, Brittany",Democratic,House,freshman,Y,Y,N,N,C00637215,BRITTANY PETTERSEN FOR COLORADO,,
Colorado,8,"Caraveo, Yadira",Democratic,House,freshman,Y,Y,N,Y,C00787788,CARAVEO FOR CONGRESS,,
Colorado,Senator - At Large,"Bennet, Michael F.",Democratic,Senate,incumbent,Y,N,N,N,C00458398,BENNET FOR COLORADO,,
Colorado,Senator - At Large,"Hickenlooper, John W.",Democratic,Senate,incumbent,Y,N,N,N,C00716720,HICKENLOOPER FOR COLORADO,,
Connecticut,1,"Larson, John B.",Democratic,House,incumbent,Y,Y,N,N,C00330142,LARSON FOR CONGRESS,,
Connecticut,2,"Courtney, Joe",Democratic,House,incumbent,Y,Y,N,N,C00410233,COURTNEY FOR CONGRESS,,
Connecticut,3,"DeLauro, Rosa L.",Democratic,House,incumbent,Y,Y,N,N,C00238865,FRIENDS OF ROSA DELAURO,,
Connecticut,4,"Himes, James A.",Democratic,House,incumbent,Y,Y,N,N,C00434191,HIMES FOR CONGRESS,,
Connecticut,5,"Hayes, Jahana",Democratic,House,incumbent,Y,Y,N,N,C00677898,FRIENDS OF JAHANA HAYES,,
Connecticut,Senator - At Large,"Blumenthal, Richard",Democratic,Senate,incumbent,Y,N,N,N,C00492991,BLUMENTHAL FOR CONNECTICUT,,
Connecticut,Senator - At Large,"Murphy, Christopher",Democratic,Senate,incumbent,Y,Y,N,N,C00492645,FRIENDS OF CHRIS MURPHY,,
Delaware,At Large,"Blunt Rochester, Lisa",Democratic,House,incumbent,Y,Y,Y,N,C00590778,LISA BLUNT ROCHESTER FOR CONGRESS,,
Delaware,Senator - At Large,"Carper, Thomas R.",Democratic,Senate,incumbent,Y,"NA, RETIRED",Y,N,C00349217,CARPER FOR SENATE,,
Delaware,Senator - At Large,"Coons, Christopher A.",Democratic,Senate,incumbent,Y,N,N,N,C00475392,CHRIS COONS FOR DELAWARE,,
District of Columbia,At Large,"Norton, Eleanor Holmes",Democratic,House,incumbent,N,Y,N,N,C00244335,CITIZENS FOR ELEANOR HOLMES NORTON,,
Florida,1,"Gaetz, Matt",Republican,House,incumbent,Y,Y,N,N,C00612432,FRIENDS OF MATT GAETZ,,
Florida,2,"Dunn, Neal P.",Republican,House,incumbent,Y,Y,N,N,C00582304,FRIENDS OF NEAL DUNN,,
Florida,3,"Cammack, Kat",Republican,House,incumbent,Y,Y,N,N,C00730895,KAT FOR CONGRESS,,
Florida,4,"Bean, Aaron",Republican,House,freshman,Y,Y,N,N,C00816983,AARON BEAN FOR CONGRESS,,
Florida,5,"Rutherford, John H.",Republican,House,incumbent,Y,Y,N,N,C00615294,CITIZENS FOR JOHN RUTHERFORD,,
Florida,6,"Waltz, Michael",Republican,House,incumbent,Y,Y,N,N,C00666396,MICHAEL WALTZ FOR CONGRESS,,
Florida,7,"Mills, Cory",Republican,House,freshman,Y,Y,N,N,C00774943,CORY MILLS FOR CONGRESS,,
Florida,8,"Posey, Bill",Republican,House,incumbent,Y,Y,Y,N,C00444968,FRIENDS OF BILL POSEY,,
Florida,9,"Soto, Darren",Democratic,House,incumbent,Y,Y,N,N,C00581074,DARREN SOTO FOR CONGRESS,,
Florida,10,"Frost, Maxwell",Democratic,House,freshman,Y,Y,N,N,C00786822,MAXWELL ALEJANDRO FROST FOR CONGRESS,,
Florida,11,"Webster, Daniel",Republican,House,incumbent,Y,Y,N,N,C00481911,DANIEL WEBSTER FOR CONGRESS,,
Florida,12,"Bilirakis, Gus M.",Republican,House,incumbent,Y,Y,N,N,C00408534,BILIRAKIS FOR CONGRESS,,
Florida,13,"Luna, Anna Paulina",Republican,House,freshman,Y,Y,N,N,C00718239,ANNA PAULINA LUNA FOR CONGRESS,,
Florida,14,"Castor, Kathy",Democratic,House,incumbent,Y,Y,N,N,C00410761,CASTOR FOR CONGRESS,,
Florida,15,"Lee, Laurel M.",Republican,House,freshman,Y,Y,N,N,C00815373,"LAUREL LEE FOR CONGRESS, INC.",,
Florida,16,"Buchanan, Vern",Republican,House,incumbent,Y,Y,N,N,C00412759,VERN BUCHANAN FOR CONGRESS,,
Florida,17,"Steube, W. Gregory",Republican,House,incumbent,Y,Y,N,N,C00671891,GREG STEUBE FOR CONGRESS,,
Florida,18,"Franklin, C. Scott",Republican,House,incumbent,Y,Y,N,N,C00742247,SCOTT FRANKLIN FOR CONGRESS,,
Florida,19,"Donalds, Byron",Republican,House,incumbent,Y,Y,N,N,C00733329,BYRON DONALDS FOR CONGRESS,,
Florida,20,"Cherfilus-McCormick, Sheila",Democratic,House,incumbent,Y,Y,N,N,C00677492,"SHEILA CHERFILUS MCCORMICK FOR CONGRESS, INC",,
Florida,21,"Mast, Brian J.",Republican,House,incumbent,Y,Y,N,N,C00632257,MAST FOR CONGRESS,,
Florida,22,"Frankel, Lois",Democratic,House,incumbent,Y,Y,N,N,C00494856,LOIS FRANKEL FOR CONGRESS,,
Florida,23,"Moskowitz, Jared",Democratic,House,freshman,Y,Y,N,N,C00807628,JARED MOSKOWITZ FOR CONGRESS,,
Florida,24,"Wilson, Frederica S.",Democratic,House,incumbent,Y,Y,N,N,C00460055,FREDERICA S. WILSON FOR CONGRESS,,
Florida,25,"Wasserman Schultz, Debbie",Democratic,House,incumbent,Y,Y,N,N,C00385773,DEBBIE WASSERMAN SCHULTZ FOR CONGRESS,,
Florida,26,"Diaz-Balart, Mario",Republican,House,incumbent,Y,Y,N,N,C00376087,MARIO DIAZ-BALART FOR CONGRESS,,
Florida,27,"Salazar, Maria Elvira",Republican,House,incumbent,Y,Y,N,N,C00714261,SALAZAR FOR CONGRESS,,
Florida,28,"Gimenez, Carlos A.",Republican,House,incumbent,Y,Y,N,N,C00735985,CARLOS GIMENEZ FOR CONGRESS,,
Florida,Senator - At Large,"Rubio, Marco",Republican,Senate,incumbent,Y,N,N,N,C00620518,MARCO RUBIO FOR SENATE,,
Florida,Senator - At Large,"Scott, Rick",Republican,Senate,incumbent,Y,Y,N,N,C00676965,RICK SCOTT FOR FLORIDA,,
Georgia,1,"Carter, Earl L. ""Buddy""",Republican,House,incumbent,Y,Y,N,N,C00543967,BUDDY CARTER FOR CONGRESS,,
Georgia,2,"Bishop, Sanford D., Jr.",Democratic,House,incumbent,Y,Y,N,N,C00266940,SANFORD BISHOP FOR CONGRESS,,
Georgia,3,"Ferguson, A. Drew, IV",Republican,House,incumbent,Y,Y,Y,N,C00607838,DREW FERGUSON FOR CONGRESS INC.,,
Georgia,4,"Johnson, Henry C. ""Hank,"" Jr.",Democratic,House,incumbent,Y,Y,N,N,C00418293,COMMITTEE TO RE-ELECT HENRY HANK JOHNSON,,
Georgia,5,"Williams, Nikema",Democratic,House,incumbent,Y,Y,N,N,C00752584,"NIKEMA FOR CONGRESS, INC",,
Georgia,6,"McCormick, Richard",Republican,House,freshman,Y,Y,N,N,C00706747,FRIENDS OF MCCORMICK,,
Georgia,7,"McBath, Lucy",Democratic,House,incumbent,Y,Y,N,N,C00672295,FRIENDS OF LUCY MCBATH,,
Georgia,8,"Scott, Austin",Republican,House,incumbent,Y,Y,N,N,C00482737,AUSTIN SCOTT FOR CONGRESS INC,,
Georgia,9,"Clyde, Andrew S.",Republican,House,incumbent,Y,Y,N,N,C00740100,"CLYDE FOR CONGRESS, INC.",,
Georgia,10,"Collins, Mike",Republican,House,freshman,Y,Y,N,N,C00544684,COLLINS FOR CONGRESS,,
Georgia,11,"Loudermilk, Barry",Republican,House,incumbent,Y,Y,N,N,C00543892,LOUDERMILK FOR CONGRESS,,
Georgia,12,"Allen, Rick W.",Republican,House,incumbent,Y,Y,N,N,C00504019,RICK W. ALLEN FOR CONGRESS,,
Georgia,13,"Scott, David",Democratic,House,incumbent,Y,Y,N,N,C00369801,DAVID SCOTT FOR CONGRESS,,
Georgia,14,"Greene, Marjorie Taylor",Republican,House,incumbent,Y,Y,N,N,C00708289,GREENE FOR CONGRESS,,
Georgia,Senator - At Large,"Ossoff, Jon",Democratic,Senate,incumbent,Y,N,N,N,C00718866,JON OSSOFF FOR SENATE,,
Georgia,Senator - At Large,"Warnock, Raphael G.",Democratic,Senate,incumbent,Y,N,N,N,C00736876,WARNOCK FOR GEORGIA,,
Guam,At Large,"Moylan, James C.",Republican,House,freshman,N,Y,N,N,C00809343,JAMES MOYLAN FOR CONGRESS,,
Hawaii,1,"Case, Ed",Democratic,House,incumbent,Y,Y,N,N,C00680918,CASE FOR CONGRESS,,
Hawaii,2,"Tokuda, Jill N.",Democratic,House,freshman,Y,Y,N,N,C00813758,TOKUDA FOR HAWAII,,
Hawaii,Senator - At Large,"Hirono, Mazie K.",Democratic,Senate,incumbent,Y,Y,N,N,C00420760,FRIENDS OF MAZIE HIRONO,,
Hawaii,Senator - At Large,"Schatz, Brian",Democratic,Senate,incumbent,Y,N,N,N,C00540732,SCHATZ FOR SENATE,,
Idaho,1,"Fulcher, Russ",Republican,House,incumbent,Y,Y,N,N,C00648295,RUSS FULCHER FOR IDAHO,,
Idaho,2,"Simpson, Michael K.",Republican,House,incumbent,Y,Y,N,N,C00331397,SIMPSON FOR CONGRESS,,
Idaho,Senator - At Large,"Crapo, Mike",Republican,Senate,incumbent,Y,N,N,N,C00330886,MIKE CRAPO FOR US SENATE,,
Idaho,Senator - At Large,"Risch, James E.",Republican,Senate,incumbent,Y,N,N,N,C00440362,JIM RISCH FOR U.S. SENATE COMMITTEE,,
Illinois,1,"Jackson, Jonathan L.",Democratic,House,freshman,Y,Y,N,N,C00802603,JONATHAN JACKSON FOR CONGRESS,,
Illinois,2,"Kelly, Robin L.",Democratic,House,incumbent,Y,Y,N,N,C00539866,ROBIN KELLY FOR CONGRESS,,
Illinois,3,"Ramirez, Delia C.",Democratic,House,freshman,Y,Y,N,N,C00796672,UNITED WITH DELIA FOR CONGRESS,,
Illinois,4,"Garcia, Jesus G. ""Chuy""",Democratic,House,incumbent,Y,Y,N,N,C00661777,CHUY GARCIA FOR CONGRESS,check,
Illinois,5,"Quigley, Mike",Democratic,House,incumbent,Y,Y,N,N,C00457556,QUIGLEY FOR CONGRESS,,
Illinois,6,"Casten, Sean",Democratic,House,incumbent,Y,Y,N,N,C00648493,CASTEN FOR CONGRESS,,
Illinois,7,"Davis, Danny K.",Democratic,House,incumbent,Y,Y,N,N,C00172619,DAVIS FOR CONGRESS/FRIENDS OF DAVIS,,
Illinois,8,"Krishnamoorthi, Raja",Democratic,House,incumbent,Y,Y,N,N,C00575092,FRIENDS OF RAJA FOR CONGRESS,,
Illinois,9,"Schakowsky, Janice D.",Democratic,House,incumbent,Y,Y,N,N,C00327023,SCHAKOWSKY FOR CONGRESS,,
Illinois,10,"Schneider, Bradley Scott",Democratic,House,incumbent,Y,Y,N,N,C00495952,SCHNEIDER FOR CONGRESS,,
Illinois,11,"Foster, Bill",Democratic,House,incumbent,Y,Y,N,N,C00435099,BILL FOSTER FOR CONGRESS,,
Illinois,12,"Bost, Mike",Republican,House,incumbent,Y,Y,N,N,C00546499,MIKE BOST FOR CONGRESS COMMITTEE,,
Illinois,13,"Budzinski, Nikki",Democratic,House,freshman,Y,Y,N,N,C00787812,NIKKI FOR CONGRESS,,
Illinois,14,"Underwood, Lauren",Democratic,House,incumbent,Y,Y,N,N,C00652719,LAUREN UNDERWOOD FOR CONGRESS,,
Illinois,15,"Miller, Mary E.",Republican,House,incumbent,Y,Y,N,N,C00723916,MARY MILLER FOR CONGRESS,,
Illinois,16,"LaHood, Darin",Republican,House,incumbent,Y,Y,N,N,C00575050,LAHOOD FOR CONGRESS,,
Illinois,17,"Sorensen, Eric",Democratic,House,freshman,Y,Y,N,N,C00793935,ERIC SORENSEN FOR ILLINOIS,,
Illinois,Senator - At Large,"Duckworth, Tammy",Democratic,Senate,incumbent,Y,N,N,N,C00574889,TAMMY FOR ILLINOIS,,
Illinois,Senator - At Large,"Durbin, Richard J.",Democratic,Senate,incumbent,Y,N,N,N,C00148999,FRIENDS OF DICK DURBIN COMMITTEE,,
Indiana,1,"Mrvan, Frank J.",Democratic,House,incumbent,Y,Y,N,N,C00727529,MRVAN FOR CONGRESS,,
Indiana,2,"Yakym, Rudy",Republican,House,incumbent,Y,Y,N,N,C00822767,RUDY FOR INDIANA,,
Indiana,3,"Banks, Jim",Republican,House,incumbent,Y,Y,Y,N,C00577999,BANKS FOR SENATE,,
Indiana,4,"Baird, James R.",Republican,House,incumbent,Y,Y,N,N,C00662940,ELECT JIM BAIRD FOR CONGRESS,,
Indiana,5,"Spartz, Victoria",Republican,House,incumbent,Y,Y,N,N,C00737767,VICTORIA SPARTZ FOR CONGRESS,,
Indiana,6,"Pence, Greg",Republican,House,incumbent,Y,Y,Y,N,C00658401,GREG PENCE FOR CONGRESS,,
Indiana,7,"Carson, Andre",Democratic,House,incumbent,Y,Y,N,N,C00442921,ANDRE CARSON FOR CONGRESS,,
Indiana,8,"Bucshon, Larry",Republican,House,incumbent,Y,Y,Y,N,C00468256,BUCSHON FOR CONGRESS,,
Indiana,9,"Houchin, Erin",Republican,House,freshman,Y,Y,N,N,C00800649,HOUCHIN FOR CONGRESS,,
Indiana,Senator - At Large,"Braun, Mike",Republican,Senate,incumbent,Y,"NA, RETIRED",Y,N,C00653147,MIKE BRAUN FOR INDIANA,,
Indiana,Senator - At Large,"Young, Todd",Republican,Senate,incumbent,Y,N,N,N,C00459255,"FRIENDS OF TODD YOUNG, INC.",,
Iowa,1,"Miller-Meeks, Mariannette",Republican,House,incumbent,Y,Y,N,Y,C00558825,MILLER-MEEKS FOR CONGRESS,,
Iowa,2,"Hinson, Ashley",Republican,House,incumbent,Y,Y,N,N,C00706267,ASHLEY HINSON FOR CONGRESS,,
Iowa,3,"Nunn, Zachary",Republican,House,freshman,Y,Y,N,Y,C00784389,IOWANS FOR ZACH NUNN,,
Iowa,4,"Feenstra, Randy",Republican,House,incumbent,Y,Y,N,N,C00693663,FEENSTRA FOR CONGRESS,,
Iowa,Senator - At Large,"Ernst, Joni",Republican,Senate,incumbent,Y,N,N,N,C00546788,JONI FOR IOWA,,
Iowa,Senator - At Large,"Grassley, Chuck",Republican,Senate,incumbent,Y,N,N,N,C00230482,"GRASSLEY COMMITTEE, INC.",,
Kansas,1,"Mann, Tracey",Republican,House,incumbent,Y,Y,N,N,C00460659,MANN FOR CONGRESS,,
Kansas,2,"LaTurner, Jake",Republican,House,incumbent,Y,Y,Y,N,C00718346,KANSANS FOR LATURNER,,
Kansas,3,"Davids, Sharice",Democratic,House,incumbent,Y,Y,N,N,C00670034,SHARICE FOR CONGRESS,,
Kansas,4,"Estes, Ron",Republican,House,incumbent,Y,Y,N,N,C00632067,RON ESTES FOR CONGRESS,,
Kansas,Senator - At Large,"Marshall, Roger",Republican,Senate,incumbent,Y,N,N,N,C00576173,KANSANS FOR MARSHALL,,
Kansas,Senator - At Large,"Moran, Jerry",Republican,Senate,incumbent,Y,N,N,N,C00458315,MORAN FOR KANSAS,,
Kentucky,1,"Comer, James",Republican,House,incumbent,Y,Y,N,N,C00588764,COMER FOR CONGRESS,,
Kentucky,2,"Guthrie, Brett",Republican,House,incumbent,Y,Y,N,N,C00445023,GUTHRIE FOR CONGRESS,,
Kentucky,3,"McGarvey, Morgan",Democratic,House,freshman,Y,Y,N,N,C00791392,MORGAN MCGARVEY FOR CONGRESS,,
Kentucky,4,"Massie, Thomas",Republican,House,incumbent,Y,Y,N,N,C00509729,THOMAS MASSIE FOR CONGRESS,,
Kentucky,5,"Rogers, Harold",Republican,House,incumbent,Y,Y,N,N,C00116632,HAL ROGERS FOR CONGRESS,,
Kentucky,6,"Barr, Andy",Republican,House,incumbent,Y,Y,N,N,C00467571,"ANDY BARR FOR CONGRESS, INC.",,
Kentucky,Senator - At Large,"McConnell, Mitch",Republican,Senate,incumbent,Y,N,N,N,C00193342,MCCONNELL SENATE COMMITTEE,,
Kentucky,Senator - At Large,"Paul, Rand",Republican,Senate,incumbent,Y,N,N,N,C00496075,RAND PAUL FOR US SENATE,,
Louisiana,1,"Scalise, Steve",Republican,House,incumbent,Y,Y,N,N,C00394957,SCALISE FOR CONGRESS,,
Louisiana,2,"Carter, Troy",Democratic,House,incumbent,Y,Y,N,N,C00763649,TROY CARTER FOR CONGRESS,,
Louisiana,3,"Higgins, Clay",Republican,House,incumbent,Y,Y,N,N,C00617662,CAPTAIN HIGGINS FOR CONGRESS,,
Louisiana,4,"Johnson, Mike",Republican,House,incumbent,Y,Y,N,N,C00608695,MIKE JOHNSON FOR LOUISIANA,,
Louisiana,5,"Letlow, Julia",Republican,House,incumbent,Y,Y,N,N,C00766428,JULIA LETLOW FOR CONGRESS,,
Louisiana,6,"Graves, Garret",Republican,House,incumbent,Y,Y,Y,N,C00558486,GARRET GRAVES FOR CONGRESS,,
Louisiana,Senator - At Large,"Cassidy, Bill",Republican,Senate,incumbent,Y,N,N,N,C00543983,BILL CASSIDY FOR US SENATE,,
Louisiana,Senator - At Large,"Kennedy, John",Republican,Senate,incumbent,Y,N,N,N,C00608398,JOHN KENNEDY FOR US,,
Maine,1,"Pingree, Chellie",Democratic,House,incumbent,Y,Y,N,N,C00433391,PINGREE FOR CONGRESS,,
Maine,2,"Golden, Jared F.",Democratic,House,incumbent,Y,Y,N,Y,C00653816,COMMITTEE TO ELECT JARED GOLDEN,,
Maine,Senator - At Large,"Collins, Susan M.",Republican,Senate,incumbent,Y,N,N,N,C00314575,COLLINS FOR SENATOR,,
Maine,Senator - At Large,"King, Angus S., Jr.",Independent,Senate,incumbent,Y,Y,N,N,C00516047,ANGUS KING FOR U.S. SENATE CAMPAIGN,,
Maryland,1,"Harris, Andy",Republican,House,incumbent,Y,Y,N,N,C00435974,ANDY HARRIS FOR CONGRESS,,
Maryland,2,"Ruppersberger, C. A. Dutch",Democratic,House,incumbent,Y,Y,Y,N,C00376673,DUTCH RUPPERSBERGER FOR CONGRESS COMMITTEE,,
Maryland,3,"Sarbanes, John P.",Democratic,House,incumbent,Y,Y,Y,N,C00415182,FRIENDS OF JOHN SARBANES,,
Maryland,4,"Ivey, Glenn",Democratic,House,freshman,Y,Y,N,N,C00792283,GLENN F. IVEY FOR CONGRESS,,
Maryland,5,"Hoyer, Steny H.",Democratic,House,incumbent,Y,Y,N,N,C00140715,HOYER FOR CONGRESS,,
Maryland,6,"Trone, David J.",Democratic,House,incumbent,Y,Y,Y,N,C00653196,DAVID TRONE FOR MARYLAND,,
Maryland,7,"Mfume, Kweisi",Democratic,House,incumbent,Y,Y,N,N,C00726372,KWEISI MFUME FOR CONGRESS,CHECK,
Maryland,8,"Raskin, Jamie",Democratic,House,incumbent,Y,Y,N,N,C00575126,JAMIE RASKIN FOR CONGRESS,,
Maryland,Senator - At Large,"Cardin, Benjamin L.",Democratic,Senate,incumbent,Y,"NA, RETIRED",Y,N,C00411587,"BEN CARDIN FOR SENATE, INC.",,
Maryland,Senator - At Large,"Van Hollen, Chris",Democratic,Senate,incumbent,Y,N,N,N,C00573758,VAN HOLLEN FOR SENATE,,
Massachusetts,1,"Neal, Richard E.",Democratic,House,incumbent,Y,Y,N,N,C00226522,RICHARD E NEAL FOR CONGRESS COMMITTEE,,
Massachusetts,2,"McGovern, James P.",Democratic,House,incumbent,Y,Y,N,N,C00285171,RE-ELECT MCGOVERN COMMITTEE,,
Massachusetts,3,"Trahan, Lori",Democratic,House,incumbent,Y,Y,N,N,C00655647,LORI TRAHAN FOR CONGRESS COMMITTEE,,
Massachusetts,4,"Auchincloss, Jake",Democratic,House,incumbent,Y,Y,N,N,C00721449,JAKE AUCHINCLOSS FOR CONGRESS,,
Massachusetts,5,"Clark, Katherine M.",Democratic,House,incumbent,Y,Y,N,N,C00541888,KATHERINE CLARK FOR CONGRESS,,
Massachusetts,6,"Moulton, Seth",Democratic,House,incumbent,Y,Y,N,N,C00547240,MOULTON FOR CONGRESS,,
Massachusetts,7,"Pressley, Ayanna",Democratic,House,incumbent,Y,Y,N,N,C00667741,THE COMMITTEE TO ELECT AYANNA PRESSLEY,,
Massachusetts,8,"Lynch, Stephen F.",Democratic,House,incumbent,Y,Y,N,N,C00366948,STEPHEN LYNCH FOR CONGRESS,,
Massachusetts,9,"Keating, William R.",Democratic,House,incumbent,Y,Y,N,N,C00479063,THE BILL KEATING COMMITTEE,,
Massachusetts,Senator - At Large,"Markey, Edward J.",Democratic,Senate,incumbent,Y,N,N,N,C00196774,THE MARKEY COMMITTEE,,
Massachusetts,Senator - At Large,"Warren, Elizabeth",Democratic,Senate,incumbent,Y,Y,N,N,C00500843,"WARREN FOR SENATE, INC.",,
Michigan,1,"Bergman, Jack",Republican,House,incumbent,Y,Y,N,N,C00614214,BERGMANFORCONGRESS,,
Michigan,2,"Moolenaar, John R.",Republican,House,incumbent,Y,Y,N,N,C00561530,MOOLENAAR FOR CONGRESS,,
Michigan,3,"Scholten, Hillary J.",Democratic,House,freshman,Y,Y,N,N,C00711317,SCHOLTEN FOR CONGRESS,,
Michigan,4,"Huizenga, Bill",Republican,House,incumbent,Y,Y,N,N,C00459297,HUIZENGA FOR CONGRESS,,
Michigan,5,"Walberg, Tim",Republican,House,incumbent,Y,Y,N,N,C00390724,WALBERG FOR CONGRESS,,
Michigan,6,"Dingell, Debbie",Democratic,House,incumbent,Y,Y,N,N,C00558213,DEBBIE DINGELL FOR CONGRESS,,
Michigan,7,"Slotkin, Elissa",Democratic,House,incumbent,Y,Y,Y,N,C00650150,ELISSA SLOTKIN FOR CONGRESS,,
Michigan,8,"Kildee, Daniel T.",Democratic,House,incumbent,Y,Y,Y,N,C00499947,FRIENDS OF DAN KILDEE,,
Michigan,9,"McClain, Lisa C.",Republican,House,incumbent,Y,Y,N,N,C00726042,LISA MCCLAIN FOR CONGRESS,,
Michigan,10,"James, John",Republican,House,freshman,Y,Y,N,N,C00803502,"JOHN JAMES FOR CONGRESS, INC.",,
Michigan,11,"Stevens, Haley M.",Democratic,House,incumbent,Y,Y,N,N,C00638650,HALEY STEVENS FOR CONGRESS,,
Michigan,12,"Tlaib, Rashida",Democratic,House,incumbent,Y,Y,N,N,C00668608,RASHIDA TLAIB FOR CONGRESS,,
Michigan,13,"Thanedar, Shri",Democratic,House,freshman,Y,Y,N,N,C00798132,SHRI FOR CONGRESS,,
Michigan,Senator - At Large,"Peters, Gary C.",Democratic,Senate,incumbent,Y,N,N,N,C00437889,PETERS FOR MICHIGAN,,
Michigan,Senator - At Large,"Stabenow, Debbie",Democratic,Senate,incumbent,Y,"NA, RETIRED",Y,N,C00344473,STABENOW FOR US SENATE,,
Minnesota,1,"Finstad, Brad",Republican,House,incumbent,Y,Y,N,N,C00807743,FINSTAD FOR CONGRESS,,
Minnesota,2,"Craig, Angie",Democratic,House,incumbent,Y,Y,N,N,C00575209,ANGIE CRAIG FOR CONGRESS,,
Minnesota,3,"Phillips, Dean",Democratic,House,incumbent,Y,Y,Y,N,C00640714,DEAN PHILLIPS FOR CONGRESS,,
Minnesota,4,"McCollum, Betty",Democratic,House,incumbent,Y,Y,N,N,C00354688,MCCOLLUM FOR CONGRESS,,
Minnesota,5,"Omar, Ilhan",Democratic,House,incumbent,Y,Y,N,N,C00680934,ILHAN FOR CONGRESS,,
Minnesota,6,"Emmer, Tom",Republican,House,incumbent,Y,Y,N,N,C00545749,EMMER FOR CONGRESS,,
Minnesota,7,"Fischbach, Michelle",Republican,House,incumbent,Y,Y,N,N,C00717959,FISCHBACH FOR CONGRESS,,
Minnesota,8,"Stauber, Pete",Republican,House,incumbent,Y,Y,N,N,C00650697,PETE STAUBER FOR CONGRESS,,
Minnesota,Senator - At Large,"Klobuchar, Amy",Democratic,Senate,incumbent,Y,Y,N,N,C00431353,KLOBUCHAR FOR MINNESOTA,,
Minnesota,Senator - At Large,"Smith, Tina",Democratic,Senate,incumbent,Y,N,N,N,C00663781,TINA SMITH FOR MINNESOTA,,
Mississippi,1,"Kelly, Trent",Republican,House,incumbent,Y,Y,N,N,C00573980,KELLY FOR CONGRESS,,
Mississippi,2,"Thompson, Bennie G.",Democratic,House,incumbent,Y,Y,N,N,C00279851,FRIENDS OF BENNIE THOMPSON,,
Mississippi,3,"Guest, Michael",Republican,House,incumbent,Y,Y,N,N,C00665752,FRIENDS OF MICHAEL GUEST,,
Mississippi,4,"Ezell, Mike",Republican,House,freshman,Y,Y,N,N,C00776393,COMMITTEE TO ELECT MIKE EZELL,,
Mississippi,Senator - At Large,"Hyde-Smith, Cindy",Republican,Senate,incumbent,Y,N,N,N,C00675348,CINDY HYDE-SMITH FOR US SENATE,,
Mississippi,Senator - At Large,"Wicker, Roger F.",Republican,Senate,incumbent,Y,Y,N,N,C00443218,WICKER FOR SENATE,,
Missouri,1,"Bush, Cori",Democratic,House,incumbent,Y,Y,N,N,C00638767,CORI BUSH FOR CONGRESS,,
Missouri,2,"Wagner, Ann",Republican,House,incumbent,Y,Y,N,N,C00495846,ANN WAGNER FOR CONGRESS,,
Missouri,3,"Luetkemeyer, Blaine",Republican,House,incumbent,Y,Y,Y,N,C00458679,BLAINE FOR CONGRESS,,
Missouri,4,"Alford, Mark",Republican,House,freshman,Y,Y,N,N,C00792598,"MARK ALFORD FOR CONGRESS, INC.",,
Missouri,5,"Cleaver, Emanuel",Democratic,House,incumbent,Y,Y,N,N,C00395848,CLEAVER FOR CONGRESS,,
Missouri,6,"Graves, Sam",Republican,House,incumbent,Y,Y,N,N,C00359034,GRAVES FOR CONGRESS,,
Missouri,7,"Burlison, Eric",Republican,House,freshman,Y,Y,N,N,C00788414,ERIC BURLISON FOR CONGRESS,,
Missouri,8,"Smith, Jason",Republican,House,incumbent,Y,Y,N,N,C00541862,JASON SMITH FOR CONGRESS,,
Missouri,Senator - At Large,"Hawley, Josh",Republican,Senate,incumbent,Y,Y,N,N,C00652727,JOSH HAWLEY FOR SENATE,,
Missouri,Senator - At Large,"Schmitt, Eric",Republican,Senate,freshman,Y,N,N,N,C00775015,SCHMITT FOR SENATE,,
Montana,1,"Zinke, Ryan K.",Republican,House,incumbent,Y,Y,N,N,C00778159,ZINKE FOR CONGRESS,,
Montana,2,"Rosendale Sr., Matthew M.",Republican,House,incumbent,Y,Y,Y,N,C00548289,MATT ROSENDALE FOR MONTANA,,
Montana,Senator - At Large,"Daines, Steve",Republican,Senate,incumbent,Y,N,N,N,C00491357,STEVE DAINES FOR MONTANA,,
Montana,Senator - At Large,"Tester, Jon",Democratic,Senate,incumbent,Y,Y,N,N,C00412304,MONTANANS FOR TESTER,,
Nebraska,1,"Flood, Mike",Republican,House,incumbent,Y,Y,N,N,C00801241,MIKE FLOOD FOR CONGRESS,,
Nebraska,2,"Bacon, Don",Republican,House,incumbent,Y,Y,N,N,C00575167,DON BACON FOR CONGRESS,,
Nebraska,3,"Smith, Adrian",Republican,House,incumbent,Y,Y,N,N,C00412890,ADRIAN SMITH FOR CONGRESS,,
Nebraska,Senator - At Large,"Fischer, Deb",Republican,Senate,incumbent,Y,Y,N,N,C00498907,DEB FISCHER FOR US SENATE,,
Nebraska,Senator - At Large,"Ricketts, Pete",Republican,Senate,freshman,Y,Y,N,N,C00832436,PETE RICKETTS FOR SENATE,,
Nevada,1,"Titus, Dina",Democratic,House,incumbent,Y,Y,N,N,C00499467,TITUS FOR CONGRESS,,
Nevada,2,"Amodei, Mark E.",Republican,House,incumbent,Y,Y,N,N,C00496760,AMODEI FOR NEVADA,,
Nevada,3,"Lee, Susie",Democratic,House,incumbent,Y,Y,N,N,C00655613,SUSIE LEE FOR CONGRESS,,
Nevada,4,"Horsford, Steven",Democratic,House,incumbent,Y,Y,N,N,C00668228,NEVADANS FOR STEVEN HORSFORD,,
Nevada,Senator - At Large,"Cortez Masto, Catherine",Democratic,Senate,incumbent,Y,N,N,N,C00575548,CATHERINE CORTEZ MASTO FOR SENATE,,
Nevada,Senator - At Large,"Rosen, Jacky",Democratic,Senate,incumbent,Y,Y,N,N,C00606939,ROSEN FOR NEVADA,,
New Hampshire,1,"Pappas, Chris",Democratic,House,incumbent,Y,Y,N,N,C00660464,CHRIS PAPPAS FOR CONGRESS,,
New Hampshire,2,"Kuster, Ann M.",Democratic,House,incumbent,Y,Y,Y,N,C00462861,"KUSTER FOR CONGRESS, INC",,
New Hampshire,Senator - At Large,"Hassan, Margaret Wood",Democratic,Senate,incumbent,Y,N,N,N,C00588772,MAGGIE FOR NH,,
New Hampshire,Senator - At Large,"Shaheen, Jeanne",Democratic,Senate,incumbent,Y,N,N,N,C00457325,SHAHEEN FOR SENATE,,
New Jersey,1,"Norcross, Donald",Democratic,House,incumbent,Y,Y,N,N,C00558320,DONALD NORCROSS FOR CONGRESS,,
New Jersey,2,"Van Drew, Jefferson",Republican,House,incumbent,Y,Y,N,N,C00661868,VAN DREW FOR CONGRESS,,
New Jersey,3,"Kim, Andy",Democratic,House,incumbent,Y,Y,Y,N,C00648220,ANDY KIM FOR NEW JERSEY,,
New Jersey,4,"Smith, Christopher H.",Republican,House,incumbent,Y,Y,N,N,C00096412,FRIENDS OF CHRIS SMITH,,
New Jersey,5,"Gottheimer, Josh",Democratic,House,incumbent,Y,Y,N,N,C00573949,JOSH GOTTHEIMER FOR CONGRESS,,
New Jersey,6,"Pallone, Frank, Jr.",Democratic,House,incumbent,Y,Y,N,N,C00226928,PALLONE FOR CONGRESS,,
New Jersey,7,"Kean, Thomas H.",Republican,House,freshman,Y,Y,N,N,C00703058,KEAN FOR CONGRESS INC,,
New Jersey,8,"Menendez, Robert",Democratic,House,freshman,Y,Y,N,N,C00799767,MENENDEZ FOR CONGRESS,,
New Jersey,9,"Pascrell, Bill",Democratic,House,incumbent,Y,Y,N,N,C00313510,PASCRELL FOR CONGRESS,,
New Jersey,10,LaMonica McIver,Democratic,House,freshman,Y,Y,N,N,C00878603,LAMONICA MCIVER FOR CONGRESS,,
New Jersey,11,"Sherrill, Mikie",Democratic,House,incumbent,Y,Y,N,N,C00640003,MIKIE SHERRILL FOR CONGRESS,,
New Jersey,12,"Watson Coleman, Bonnie",Democratic,House,incumbent,Y,Y,N,N,C00558437,BONNIE WATSON COLEMAN FOR CONGRESS,,
New Jersey,Senator - At Large,"Booker, Cory A.",Democratic,Senate,incumbent,Y,N,N,N,C00540500,CORY BOOKER FOR SENATE,,
New Jersey,Senator - At Large,"Menendez, Robert",Democratic,Senate,incumbent,Y,"NA, RETIRED",Y,N,C00264564,MENENDEZ FOR SENATE,,
New Mexico,1,"Stansbury, Melanie Ann",Democratic,House,incumbent,Y,Y,N,N,C00765099,MELANIE FOR NEW MEXICO,,
New Mexico,2,"Vasquez, Gabe",Democratic,House,freshman,Y,Y,N,Y,C00789404,GABE VASQUEZ FOR CONGRESS,,
New Mexico,3,"Leger Fernandez, Teresa",Democratic,House,incumbent,Y,Y,N,N,C00704049,TERESA FOR ALL,,
New Mexico,Senator - At Large,"Heinrich, Martin",Democratic,Senate,incumbent,Y,Y,N,N,C00434563,MARTIN HEINRICH FOR SENATE,,
New Mexico,Senator - At Large,"Lujan, Ben Ray",Democratic,Senate,incumbent,Y,N,N,N,C00443689,PEOPLE FOR BEN,,
New York,1,"LaLota, Nick",Republican,House,freshman,Y,Y,N,N,C00806018,LALOTA FOR CONGRESS,,
New York,2,"Garbarino, Andrew R.",Republican,House,incumbent,Y,Y,N,N,C00729954,GARBARINO FOR CONGRESS,,
New York,3,"Suozzi, Tom",Democratic,House,freshman,Y,Y,N,N,C00607200,SUOZZI FOR CONGRESS,,
New York,4,"D'Esposito, Anthony",Republican,House,freshman,Y,Y,N,N,C00809426,DESPOSITO FOR NEW YORK,,
New York,5,"Meeks, Gregory W.",Democratic,House,incumbent,Y,Y,N,N,C00430991,FRIENDS FOR GREGORY MEEKS,,
New York,6,"Meng, Grace",Democratic,House,incumbent,Y,Y,N,N,C00516666,GRACE FOR NEW YORK,,
New York,7,"Velazquez, Nydia M.",Democratic,House,incumbent,Y,Y,N,N,C00271312,COMMITTEE TO RE-ELECT NYDIA M VELAZQUEZ TO CONGRESS,,
New York,8,"Jeffries, Hakeem S.",Democratic,House,incumbent,Y,Y,N,N,C00503052,JEFFRIES FOR CONGRESS,,
New York,9,"Clarke, Yvette D.",Democratic,House,incumbent,Y,Y,N,N,C00415331,CLARKE FOR CONGRESS,,
New York,10,"Goldman, Daniel S.",Democratic,House,freshman,Y,Y,N,N,C00816660,DAN GOLDMAN FOR NEW YORK,,
New York,11,"Malliotakis, Nicole",Republican,House,incumbent,Y,Y,N,N,C00694778,NICOLE FOR NEW YORK,,
New York,12,"Nadler, Jerrold",Democratic,House,incumbent,Y,Y,N,N,C00290825,NADLER FOR CONGRESS,,
New York,13,"Espaillat, Adriano",Democratic,House,incumbent,Y,Y,N,N,C00701953,ADRIANO ESPAILLAT FOR CONGRESS,,
New York,14,"Ocasio-Cortez, Alexandria",Democratic,House,incumbent,Y,Y,N,N,C00639591,ALEXANDRIA OCASIO-CORTEZ FOR CONGRESS,,
New York,15,"Torres, Ritchie",Democratic,House,incumbent,Y,Y,N,N,C00699744,TORRES FOR CONGRESS,,
New York,16,"Bowman, Jamaal",Democratic,House,incumbent,Y,Y,N,N,C00709196,BOWMAN FOR CONGRESS,,
New York,17,"Lawler, Michael",Republican,House,freshman,Y,Y,N,N,C00815415,"LAWLER FOR CONGRESS, INC.",,
New York,18,"Ryan, Patrick",Democratic,House,incumbent,Y,Y,N,N,C00815290,PAT RYAN FOR CONGRESS,,
New York,19,"Molinaro, Marcus J.",Republican,House,freshman,Y,Y,N,Y,C00789586,MARC FOR US INC.,,
New York,20,"Tonko, Paul",Democratic,House,incumbent,Y,Y,N,N,C00450049,PAUL TONKO FOR CONGRESS,,
New York,21,"Stefanik, Elise M.",Republican,House,incumbent,Y,Y,N,N,C00547893,ELISE FOR CONGRESS,,
New York,22,"Williams, Brandon",Republican,House,freshman,Y,Y,N,N,C00806307,BRANDON FOR CONGRESS NY22,,
New York,23,"Langworthy, Nicholas A.",Republican,House,freshman,Y,Y,N,N,C00817932,LANGWORTHY FOR CONGRESS,,
New York,24,"Tenney, Claudia",Republican,House,incumbent,Y,Y,N,N,C00632828,CLAUDIA TENNEY FOR CONGRESS,,
New York,25,"Morelle, Joseph D.",Democratic,House,incumbent,Y,Y,N,N,C00675108,JOE MORELLE FOR CONGRESS,,
New York,26,"Kennedy, Tim",Democratic,House,freshman,Y,Y,N,N,C00856526,KENNEDY FOR CONGRESS,,
New York,Senator - At Large,"Gillibrand, Kirsten E.",Democratic,Senate,incumbent,Y,Y,N,N,C00413914,GILLIBRAND FOR SENATE,,
New York,Senator - At Large,"Schumer, Charles E.",Democratic,Senate,incumbent,Y,N,N,N,C00346312,FRIENDS OF SCHUMER,,
North Carolina,1,"Davis, Donald G.",Democratic,House,freshman,Y,Y,N,Y,C00795211,DON DAVIS FOR NC,,
North Carolina,2,"Ross, Deborah K.",Democratic,House,incumbent,Y,Y,N,N,C00729277,DEBORAH ROSS FOR CONGRESS,,
North Carolina,3,"Murphy, Gregory",Republican,House,incumbent,Y,Y,N,N,C00697649,FRIENDS TO ELECT DR. GREG MURPHY TO CONGRESS,,
North Carolina,4,"Foushee, Valerie P.",Democratic,House,freshman,Y,Y,N,N,C00794727,FOUSHEE FOR CONGRESS,,
North Carolina,5,"Foxx, Virginia",Republican,House,incumbent,Y,Y,N,N,C00386748,VIRGINIA FOXX FOR CONGRESS,,
North Carolina,6,"Manning, Kathy E.",Democratic,House,incumbent,Y,Y,Y,N,C00662577,KATHY MANNING FOR CONGRESS,,
North Carolina,7,"Rouzer, David",Republican,House,incumbent,Y,Y,N,N,C00501643,DAVID ROUZER FOR CONGRESS,,
North Carolina,8,"Bishop, Dan",Republican,House,incumbent,Y,Y,Y,N,C00699660,BISHOP FOR CONGRESS,,
North Carolina,9,"Hudson, Richard",Republican,House,incumbent,Y,Y,N,N,C00504522,HUDSON FOR CONGRESS,,
North Carolina,10,"McHenry, Patrick T.",Republican,House,incumbent,Y,Y,Y,N,C00393629,MCHENRY FOR CONGRESS,,
North Carolina,11,"Edwards, Chuck",Republican,House,freshman,Y,Y,N,N,C00796433,CHUCK EDWARDS FOR CONGRESS,,
North Carolina,12,"Adams, Alma S.",Democratic,House,incumbent,Y,Y,N,N,C00546358,ALMA ADAMS FOR CONGRESS,,
North Carolina,13,"Nickel, Wiley",Democratic,House,freshman,Y,Y,Y,N,C00763045,WILEY NICKEL FOR NORTH CAROLINA,,
North Carolina,14,"Jackson, Jeff",Democratic,House,freshman,Y,Y,Y,N,C00767400,JEFF JACKSON FOR CONGRESS,,
North Carolina,Senator - At Large,"Budd, Ted",Republican,Senate,freshman,Y,N,N,N,C00614776,TED BUDD FOR SENATE,,
North Carolina,Senator - At Large,"Tillis, Thomas",Republican,Senate,incumbent,Y,N,N,N,C00545772,THOM TILLIS COMMITTEE,,
North Dakota,At Large,"Armstrong, Kelly",Republican,House,incumbent,Y,Y,Y,N,C00670547,ARMSTRONG FOR CONGRESS,,
North Dakota,Senator - At Large,"Cramer, Kevin",Republican,Senate,incumbent,Y,Y,N,N,C00504704,CRAMER FOR SENATE,,
North Dakota,Senator - At Large,"Hoeven, John",Republican,Senate,incumbent,Y,N,N,N,C00473371,HOEVEN FOR SENATE,,
Northern Mariana Islands,At Large,"Sablan, Gregorio Kilili Camacho",Democratic,House,incumbent,N,Y,N,N,C00469882,KILILI FOR CONGRESS,,
Ohio,1,"Landsman, Greg",Democratic,House,freshman,Y,Y,N,N,C00800276,LANDSMAN FOR CONGRESS,,
Ohio,2,"Wenstrup, Brad R.",Republican,House,incumbent,Y,Y,Y,N,C00497818,WENSTRUP FOR CONGRESS,,
Ohio,3,"Beatty, Joyce",Democratic,House,incumbent,Y,Y,N,N,C00507368,BEATTY FOR CONGRESS,,
Ohio,4,"Jordan, Jim",Republican,House,incumbent,Y,Y,N,N,C00416594,JIM JORDAN FOR CONGRESS,,
Ohio,5,"Latta, Robert E.",Republican,House,incumbent,Y,Y,N,N,C00438697,LATTA FOR CONGRESS,,
Ohio,6,"Rulli, Michael",Republican,House,freshman,Y,Y,N,N,C00858415,RULLI FOR OHIO,,
Ohio,7,"Miller, Max L.",Republican,House,freshman,Y,Y,N,N,C00770818,MAX MILLER FOR CONGRESS,,
Ohio,8,"Davidson, Warren",Republican,House,incumbent,Y,Y,N,N,C00600718,DAVIDSON FOR CONGRESS,,
Ohio,9,"Kaptur, Marcy",Democratic,House,incumbent,Y,Y,N,N,C00154625,KAPTUR FOR CONGRESS,,
Ohio,10,"Turner, Michael R.",Republican,House,incumbent,Y,Y,N,N,C00373001,CITIZENS FOR TURNER,,
Ohio,11,"Brown, Shontel M.",Democratic,House,incumbent,Y,Y,N,N,C00764381,SHONTEL BROWN FOR CONGRESS,,
Ohio,12,"Balderson, Troy",Republican,House,incumbent,Y,Y,N,N,C00662650,BALDERSON FOR CONGRESS,,
Ohio,13,"Sykes, Emilia Strong",Democratic,House,freshman,Y,Y,N,N,C00801274,EMILIA SYKES FOR CONGRESS,,
Ohio,14,"Joyce, David P.",Republican,House,incumbent,Y,Y,N,N,C00527457,FRIENDS OF DAVE JOYCE,,
Ohio,15,"Carey, Mike",Republican,House,incumbent,Y,Y,N,N,C00779603,CAREY FOR CONGRESS,,
Ohio,Senator - At Large,"Brown, Sherrod",Democratic,Senate,incumbent,Y,Y,N,N,C00264697,FRIENDS OF SHERROD BROWN,,
Ohio,Senator - At Large,"Vance, J. D.",Republican,Senate,freshman,Y,"NA, RETIRED",Y,N,C00783142,JD VANCE FOR SENATE INC.,,
Oklahoma,1,"Hern, Kevin",Republican,House,incumbent,Y,Y,N,N,C00636092,HERN FOR CONGRESS,,
Oklahoma,2,"Brecheen, Josh",Republican,House,freshman,Y,Y,N,N,C00812974,JOSH BRECHEEN FOR CONGRESS,,
Oklahoma,3,"Lucas, Frank D.",Republican,House,incumbent,Y,Y,N,N,C00287912,LUCAS FOR CONGRESS,,
Oklahoma,4,"Cole, Tom",Republican,House,incumbent,Y,Y,N,N,C00379735,COLE FOR CONGRESS,,
Oklahoma,5,"Bice, Stephanie I.",Republican,House,incumbent,Y,Y,N,N,C00703843,BICE FOR CONGRESS,,
Oklahoma,Senator - At Large,"Lankford, James",Republican,Senate,incumbent,Y,N,N,N,C00466482,FAMILIES FOR JAMES LANKFORD,,
Oklahoma,Senator - At Large,"Mullin, Markwayne",Republican,Senate,freshman,Y,N,N,N,C00498345,MULLIN FOR AMERICA,,
Oregon,1,"Bonamici, Suzanne",Democratic,House,incumbent,Y,Y,N,N,C00500421,BONAMICI FOR CONGRESS,,
Oregon,2,"Bentz, Cliff",Republican,House,incumbent,Y,Y,N,N,C00725465,CLIFF BENTZ FOR CONGRESS,,
Oregon,3,"Blumenauer, Earl",Democratic,House,incumbent,Y,Y,Y,N,C00307314,BLUMENAUER FOR CONGRESS,,
Oregon,4,"Hoyle, Val T.",Democratic,House,freshman,Y,Y,N,N,C00796144,VAL HOYLE FOR CONGRESS,,
Oregon,5,"Chavez-DeRemer, Lori",Republican,House,freshman,Y,Y,N,Y,C00784520,LORI CHAVEZ-DEREMER FOR CONGRESS,,
Oregon,6,"Salinas, Andrea",Democratic,House,freshman,Y,Y,N,N,C00793703,ANDREA SALINAS FOR OREGON,,
Oregon,Senator - At Large,"Merkley, Jeff",Democratic,Senate,incumbent,Y,N,N,N,C00437277,JEFF MERKLEY FOR OREGON,,
Oregon,Senator - At Large,"Wyden, Ron",Democratic,Senate,incumbent,Y,N,N,N,C00308676,WYDEN FOR SENATE,,
Pennsylvania,1,"Fitzpatrick, Brian K.",Republican,House,incumbent,Y,Y,N,N,C00607416,BRIAN FITZPATRICK FOR ALL OF US,,
Pennsylvania,2,"Boyle, Brendan F.",Democratic,House,incumbent,Y,Y,N,N,C00543363,CITIZENS FOR BOYLE,,
Pennsylvania,3,"Evans, Dwight",Democratic,House,incumbent,Y,Y,N,N,C00591065,DWIGHT EVANS FOR CONGRESS,,
Pennsylvania,4,"Dean, Madeleine",Democratic,House,incumbent,Y,Y,N,N,C00670844,MAD 4 PA PAC,,
Pennsylvania,5,"Scanlon, Mary Gay",Democratic,House,incumbent,Y,Y,N,N,C00669358,SCANLON FOR CONGRESS,,
Pennsylvania,6,"Houlahan, Chrissy",Democratic,House,incumbent,Y,Y,N,N,C00637371,CHRISSY HOULAHAN FOR CONGRESS,,
Pennsylvania,7,"Wild, Susan",Democratic,House,incumbent,Y,Y,N,Y,C00658567,SUSAN WILD FOR CONGRESS,,
Pennsylvania,8,"Cartwright, Matt",Democratic,House,incumbent,Y,Y,N,Y,C00509968,CARTWRIGHT FOR CONGRESS,,
Pennsylvania,9,"Meuser, Daniel",Republican,House,incumbent,Y,Y,N,N,C00654723,MEUSER FOR CONGRESS,,
Pennsylvania,10,"Perry, Scott",Republican,House,incumbent,Y,Y,N,Y,C00510164,PATRIOTS FOR PERRY,,
Pennsylvania,11,"Smucker, Lloyd",Republican,House,incumbent,Y,Y,N,N,C00599464,SMUCKER FOR CONGRESS,,
Pennsylvania,12,"Lee, Summer L.",Democratic,House,freshman,Y,Y,N,N,C00791780,SUMMER LEE FOR CONGRESS,,
Pennsylvania,13,"Joyce, John",Republican,House,incumbent,Y,Y,N,N,C00674259,DR JOHN JOYCE FOR CONGRESS,,
Pennsylvania,14,"Reschenthaler, Guy",Republican,House,incumbent,Y,Y,N,N,C00657833,GUY FOR CONGRESS,,
Pennsylvania,15,"Thompson, Glenn",Republican,House,incumbent,Y,Y,N,N,C00444620,FRIENDS OF GLENN THOMPSON,,
Pennsylvania,16,"Kelly, Mike",Republican,House,incumbent,Y,Y,N,N,C00474189,MIKE KELLY FOR CONGRESS,,
Pennsylvania,17,"Deluzio, Christopher R.",Democratic,House,freshman,Y,Y,N,N,C00787648,CHRIS DELUZIO FOR CONGRESS,,
Pennsylvania,Senator - At Large,"Casey, Robert P., Jr.",Democratic,Senate,incumbent,Y,Y,N,N,C00431056,BOB CASEY FOR SENATE INC,,
Pennsylvania,Senator - At Large,"Fetterman, John",Democratic,Senate,freshman,Y,N,N,N,C00765800,FETTERMAN FOR PA,,
Puerto Rico,At Large,"González-Colón, Jenniffer",Republican,House,incumbent,N,Y,N,N,C00588392,TODOS CON JENNIFFER INC.  DBA JENNIFFER FOR CONGRESS,,
Rhode Island,1,"Amo, Gabe",Democratic,House,freshman,Y,Y,N,N,C00838060,GABE AMO FOR CONGRESS,,
Rhode Island,2,"Magaziner, Seth",Democratic,House,freshman,Y,Y,N,N,C00802504,MAGAZINER FOR CONGRESS,,
Rhode Island,Senator - At Large,"Reed, Jack",Democratic,Senate,incumbent,Y,N,N,N,C00238907,THE REED COMMITTEE,,
Rhode Island,Senator - At Large,"Whitehouse, Sheldon",Democratic,Senate,incumbent,Y,Y,N,N,C00410803,WHITEHOUSE FOR SENATE,,
South Carolina,1,"Mace, Nancy",Republican,House,incumbent,Y,Y,N,N,C00710103,NANCY MACE FOR CONGRESS,,
South Carolina,2,"Wilson, Joe",Republican,House,incumbent,Y,Y,N,N,C00368522,JOE WILSON FOR CONGRESS,,
South Carolina,3,"Duncan, Jeff",Republican,House,incumbent,Y,Y,Y,N,C00460550,JEFF DUNCAN FOR CONGRESS,,
South Carolina,4,"Timmons, William R. IV",Republican,House,incumbent,Y,Y,N,N,C00668491,WILLIAM TIMMONS FOR CONGRESS,,
South Carolina,5,"Norman, Ralph",Republican,House,incumbent,Y,Y,N,N,C00633610,RALPH NORMAN FOR CONGRESS,,
South Carolina,6,"Clyburn, James E.",Democratic,House,incumbent,Y,Y,N,N,C00255562,FRIENDS OF JIM CLYBURN,,
South Carolina,7,"Fry, Russell",Republican,House,freshman,Y,Y,N,N,C00786657,FRY FOR CONGRESS,,
South Carolina,Senator - At Large,"Graham, Lindsey",Republican,Senate,incumbent,Y,N,N,N,C00458828,"TEAM GRAHAM, INC.",,
South Carolina,Senator - At Large,"Scott, Tim",Republican,Senate,incumbent,Y,N,N,N,C00540302,TIM SCOTT FOR AMERICA,,
South Dakota,At Large,"Johnson, Dusty",Republican,House,incumbent,Y,Y,N,N,C00628917,FRIENDS OF DUSTY JOHNSON,,
South Dakota,Senator - At Large,"Rounds, Mike",Republican,Senate,incumbent,Y,N,N,N,C00532465,ROUNDS FOR SENATE,,
South Dakota,Senator - At Large,"Thune, John",Republican,Senate,incumbent,Y,N,N,N,C00409581,FRIENDS OF JOHN THUNE,,
Tennessee,1,"Harshbarger, Diana",Republican,House,incumbent,Y,Y,N,N,C00741090,DIANA FOR CONGRESS,,IA-03 Nunn
Tennessee,2,"Burchett, Tim",Republican,House,incumbent,Y,Y,N,N,C00652149,BURCHETT FOR CONGRESS,,NY-19 Molinaro
Tennessee,3,"Fleischmann, Charles J. ""Chuck""",Republican,House,incumbent,Y,Y,N,N,C00461822,"CHUCK FLEISCHMANN FOR CONGRESS COMMITTEE, INC.",,OR-05 Chavez-DeRemer
Tennessee,4,"DesJarlais, Scott",Republican,House,incumbent,Y,Y,N,N,C00464073,FRIENDS OF SCOTT DESJARLAIS,,PA-10 Perry
Tennessee,5,"Ogles, Andrew",Republican,House,freshman,Y,Y,N,N,C00811844,ANDY OGLES FOR CONGRESS,,
Tennessee,6,"Rose, John W.",Republican,House,incumbent,Y,Y,N,N,C00652743,JOHN ROSE FOR TENNESSEE,,
Tennessee,7,"Green, Mark E.",Republican,House,incumbent,Y,Y,N,N,C00658385,MARK GREEN FOR CONGRESS,,
Tennessee,8,"Kustoff, David",Republican,House,incumbent,Y,Y,N,N,C00614826,KUSTOFF FOR CONGRESS,,
Tennessee,9,"Cohen, Steve",Democratic,House,incumbent,Y,Y,N,N,C00422980,COHEN FOR CONGRESS,,
Tennessee,Senator - At Large,"Blackburn, Marsha",Republican,Senate,incumbent,Y,Y,N,N,C00376939,MARSHA FOR SENATE,,
Tennessee,Senator - At Large,"Hagerty, Bill",Republican,Senate,incumbent,Y,N,N,N,C00718627,TEAM HAGERTY,,
Texas,1,"Moran, Nathaniel",Republican,House,freshman,Y,Y,N,N,C00796086,NATHANIEL MORAN FOR CONGRESS,,
Texas,2,"Crenshaw, Dan",Republican,House,incumbent,Y,Y,N,N,C00660795,DAN CRENSHAW FOR CONGRESS,,
Texas,3,"Self, Keith",Republican,House,freshman,Y,Y,N,N,C00791293,SELF FOR CONGRESS,,
Texas,4,"Fallon, Pat",Republican,House,incumbent,Y,Y,N,N,C00750307,FALLON FOR CONGRESS,,
Texas,5,"Gooden, Lance",Republican,House,incumbent,Y,Y,N,N,C00662601,LANCE GOODEN FOR CONGRESS COMMITTEE,,
Texas,6,"Ellzey, Jake",Republican,House,incumbent,Y,Y,N,N,C00770438,JAKE ELLZEY FOR CONGRESS,,
Texas,7,"Fletcher, Lizzie",Democratic,House,incumbent,Y,Y,N,N,C00640045,ELIZABETH PANNILL FLETCHER FOR CONGRESS,,
Texas,8,"Luttrell, Morgan",Republican,House,freshman,Y,Y,N,N,C00781112,TEXANS FOR MORGAN LUTTRELL,,
Texas,9,"Green, Al",Democratic,House,incumbent,Y,Y,N,N,C00578567,KEEP AL GREEN IN CONGRESS,,
Texas,10,"McCaul, Michael T.",Republican,House,incumbent,Y,Y,N,N,C00392688,"MCCAUL FOR CONGRESS, INC",,
Texas,11,"Pfluger, August",Republican,House,incumbent,Y,Y,N,N,C00719294,AUGUST PFLUGER FOR CONGRESS,,
Texas,12,"Granger, Kay",Republican,House,incumbent,Y,Y,Y,N,C00310532,KAY GRANGER CAMPAIGN FUND,,
Texas,13,"Jackson, Ronny",Republican,House,incumbent,Y,Y,N,N,C00730531,TEXANS FOR RONNY JACKSON,,
Texas,14,"Weber, Randy K., Sr.",Republican,House,incumbent,Y,Y,N,N,C00502229,WEBER FOR CONGRESS,,
Texas,15,"De La Cruz, Monica",Republican,House,freshman,Y,Y,N,N,C00765719,MONICA FOR CONGRESS,,
Texas,16,"Escobar, Veronica",Democratic,House,incumbent,Y,Y,N,N,C00653923,VERONICA ESCOBAR FOR CONGRESS,,
Texas,17,"Sessions, Pete",Republican,House,incumbent,Y,Y,N,N,C00303305,PETE SESSIONS FOR CONGRESS,,
Texas,18,"Carter, Erica Lee",Democratic,House,freshman,Y,Y,Y,N,C00886473,ERICA LEE CARTER FOR TEXAS,,
Texas,19,"Arrington, Jodey C.",Republican,House,incumbent,Y,Y,N,N,C00588657,TEXANS FOR JODEY ARRINGTON,,
Texas,20,"Castro, Joaquin",Democratic,House,incumbent,Y,Y,N,N,C00497933,CASTRO FOR CONGRESS,,
Texas,21,"Roy, Chip",Republican,House,incumbent,Y,Y,N,N,C00662767,CHIP ROY FOR CONGRESS,,
Texas,22,"Nehls, Troy E.",Republican,House,incumbent,Y,Y,N,N,C00730150,NEHLS FOR CONGRESS,,
Texas,23,"Gonzales, Tony",Republican,House,incumbent,Y,Y,N,N,C00706614,TONY GONZALES FOR CONGRESS,,
Texas,24,"Van Duyne, Beth",Republican,House,incumbent,Y,Y,N,N,C00714865,BETH VAN DUYNE FOR CONGRESS,,
Texas,25,"Williams, Roger",Republican,House,incumbent,Y,Y,N,N,C00498121,ROGER WILLIAMS FOR U S CONGRESS COMMITTEE,,
Texas,26,"Burgess, Michael C.",Republican,House,incumbent,Y,Y,Y,N,C00372532,MICHAEL BURGESS FOR CONGRESS,,
Texas,27,"Cloud, Michael",Republican,House,incumbent,Y,Y,N,N,C00655332,CLOUD FOR CONGRESS,,
Texas,28,"Cuellar, Henry",Democratic,House,incumbent,Y,Y,N,N,C00371302,TEXANS FOR HENRY CUELLAR CONGRESSIONAL CAMPAIGN,,
Texas,29,"Garcia, Sylvia R.",Democratic,House,incumbent,Y,Y,N,N,C00660555,SYLVIA GARCIA FOR CONGRESS,,
Texas,30,"Crockett, Jasmine",Democratic,House,freshman,Y,Y,N,N,C00795450,JASMINE FOR US,,
Texas,31,"Carter, John R.",Republican,House,incumbent,Y,Y,N,N,C00371203,JOHN CARTER FOR CONGRESS,,
Texas,32,"Allred, Colin Z.",Democratic,House,incumbent,Y,Y,Y,N,C00637868,COLIN ALLRED FOR CONGRESS,,
Texas,33,"Veasey, Marc A.",Democratic,House,incumbent,Y,Y,N,N,C00506832,MARC VEASEY CONGRESSIONAL CAMPAIGN COMMITTEE,,
Texas,34,"Gonzalez, Vicente",Democratic,House,incumbent,Y,Y,N,N,C00592659,VICENTE GONZALEZ FOR CONGRESS,,
Texas,35,"Casar, Greg",Democratic,House,freshman,Y,Y,N,N,C00791897,GREG CASAR FOR CONGRESS,,
Texas,36,"Babin, Brian",Republican,House,incumbent,Y,Y,N,N,C00553859,DR. BRIAN BABIN FOR CONGRESS,,
Texas,37,"Doggett, Lloyd",Democratic,House,incumbent,Y,Y,N,N,C00286500,DOGGETT FOR CONGRESS,,
Texas,38,"Hunt, Wesley",Republican,House,freshman,Y,Y,N,N,C00701003,HUNT FOR CONGRESS,,
Texas,Senator - At Large,"Cruz, Ted",Republican,Senate,incumbent,Y,Y,N,N,C00492785,TED CRUZ FOR SENATE,,
Texas,Senator - At Large,"Cornyn, John",Republican,Senate,incumbent,Y,N,N,N,C00369033,TEXANS FOR SENATOR JOHN CORNYN INC.,,
Utah,1,"Moore, Blake D.",Republican,House,incumbent,Y,Y,N,N,C00738872,BLAKE MOORE FOR CONGRESS,,
Utah,2,"Maloy, Celeste",Republican,House,freshman,Y,Y,N,N,C00842765,CELESTE FOR CONGRESS,,
Utah,3,"Curtis, John R.",Republican,House,incumbent,Y,Y,Y,N,C00647339,CURTIS FOR CONGRESS,,
Utah,4,"Owens, Burgess",Republican,House,incumbent,Y,Y,N,N,C00725853,BURGESS 4 UTAH,,
Utah,Senator - At Large,"Lee, Mike",Republican,Senate,incumbent,Y,N,N,N,C00473827,FRIENDS OF MIKE LEE INC,,
Utah,Senator - At Large,"Romney, Mitt",Republican,Senate,incumbent,Y,"NA, RETIRED",Y,N,C00670695,ROMNEY FOR UTAH INC,,
Vermont,At Large,"Balint, Becca",Democratic,House,freshman,Y,Y,N,N,C00797175,BECCA BALINT FOR VERMONT,,
Vermont,Senator - At Large,"Sanders, Bernard",Independent,Senate,incumbent,Y,Y,N,N,C00411330,FRIENDS OF BERNIE SANDERS,,
Vermont,Senator - At Large,"Welch, Peter",Democratic,Senate,freshman,Y,N,N,N,C00795252,WELCH FOR VERMONT,,
Virgin Islands,At Large,"Plaskett, Stacey E.",Democratic,House,incumbent,N,Y,N,N,C00528182,VIRGIN ISLANDS FOR PLASKETT,,
Virginia,1,"Wittman, Robert J.",Republican,House,incumbent,Y,Y,N,N,C00441014,ROB WITTMAN FOR CONGRESS,,
Virginia,2,"Kiggans, Jennifer A",Republican,House,freshman,Y,Y,N,N,C00776120,KIGGANS FOR CONGRESS,,
Virginia,3,"Scott, Robert C. ""Bobby""",Democratic,House,incumbent,Y,Y,N,N,C00256925,SCOTT FOR CONGRESS,,
Virginia,4,"McClellan, Jennifer ",Democratic,House,freshman,Y,Y,N,N,C00829812,MCCLELLAN FOR CONGRESS,,
Virginia,5,"Good, Bob",Republican,House,incumbent,Y,Y,N,N,C00721308,GOOD FOR CONGRESS,,
Virginia,6,"Cline, Ben",Republican,House,incumbent,Y,Y,N,N,C00661561,"BEN CLINE FOR CONGRESS, INC.",,
Virginia,7,"Spanberger, Abigail Davis",Democratic,House,incumbent,Y,Y,Y,N,C00649913,SPANBERGER FOR CONGRESS,,
Virginia,8,"Beyer, Donald S., Jr.",Democratic,House,incumbent,Y,Y,N,N,C00555888,FRIENDS OF DON BEYER,,
Virginia,9,"Griffith, H. Morgan",Republican,House,incumbent,Y,Y,N,N,C00477240,MORGAN GRIFFITH FOR CONGRESS,,
Virginia,10,"Wexton, Jennifer",Democratic,House,incumbent,Y,Y,Y,N,C00638023,WEXTON FOR CONGRESS,,
Virginia,11,"Connolly, Gerald E.",Democratic,House,incumbent,Y,Y,N,N,C00445452,CONNOLLY FOR CONGRESS,,
Virginia,Senator - At Large,"Kaine, Tim",Democratic,Senate,incumbent,Y,Y,N,N,C00495358,KAINE FOR VIRGINIA,,
Virginia,Senator - At Large,"Warner, Mark R.",Democratic,Senate,incumbent,Y,N,N,N,C00438713,FRIENDS OF MARK WARNER,,
Washington,1,"DelBene, Suzan K.",Democratic,House,incumbent,Y,Y,N,N,C00459099,DELBENE FOR CONGRESS,,
Washington,2,"Larsen, Rick",Democratic,House,incumbent,Y,Y,N,N,C00345546,CITIZENS TO ELECT RICK LARSEN,,
Washington,3,"Perez, Marie Gluesenkamp",Democratic,House,freshman,Y,Y,N,Y,C00806174,MARIE FOR CONGRESS,,
Washington,4,"Newhouse, Dan",Republican,House,incumbent,Y,Y,N,N,C00559393,DAN NEWHOUSE FOR CONGRESS,,
Washington,5,"McMorris Rodgers, Cathy",Republican,House,incumbent,Y,Y,Y,N,C00390476,CATHY MCMORRIS RODGERS FOR CONGRESS,,
Washington,6,"Kilmer, Derek",Democratic,House,incumbent,Y,Y,Y,N,C00514893,PEOPLE FOR DEREK KILMER,,
Washington,7,"Jayapal, Pramila",Democratic,House,incumbent,Y,Y,N,N,C00605592,PRAMILA FOR CONGRESS,,
Washington,8,"Schrier, Kim",Democratic,House,incumbent,Y,Y,N,N,C00652628,DR KIM SCHRIER FOR CONGRESS,,
Washington,9,"Smith, Adam",Democratic,House,incumbent,Y,Y,N,N,C00304709,ADAM SMITH FOR CONGRESS COMMITTEE,,
Washington,10,"Strickland, Marilyn",Democratic,House,incumbent,Y,Y,N,N,C00732826,STRICKLAND FOR WASHINGTON,,
Washington,Senator - At Large,"Cantwell, Maria",Democratic,Senate,incumbent,Y,Y,N,N,C00349506,FRIENDS OF MARIA,,
Washington,Senator - At Large,"Murray, Patty",Democratic,Senate,incumbent,Y,N,N,N,C00257642,PEOPLE FOR PATTY MURRAY,,
West Virginia,1,"Miller, Carol D.",Republican,House,incumbent,Y,Y,N,N,C00653220,CAROL FOR CONGRESS,,
West Virginia,2,"Mooney, Alexander X.",Republican,House,incumbent,Y,Y,Y,N,C00768705,MOONEY FOR CONGRESS 2022,,
West Virginia,Senator - At Large,"Capito, Shelley Moore",Republican,Senate,incumbent,Y,N,N,N,C00539825,CAPITO FOR WEST VIRGINIA,,
West Virginia,Senator - At Large,"Manchin, Joe, III",Democratic,Senate,incumbent,Y,"NA, RETIRED",Y,N,C00486563,MANCHIN FOR WEST VIRGINIA,,
Wisconsin,1,"Steil, Bryan",Republican,House,incumbent,Y,Y,N,N,C00677286,"STEIL FOR WISCONSIN, INC.",,
Wisconsin,2,"Pocan, Mark",Democratic,House,incumbent,Y,Y,N,N,C00502179,MARK POCAN FOR CONGRESS,,
Wisconsin,3,"Van Orden, Derrick",Republican,House,freshman,Y,Y,N,N,C00742007,VAN ORDEN FOR CONGRESS,,
Wisconsin,4,"Moore, Gwen",Democratic,House,incumbent,Y,Y,N,N,C00397505,MOORE FOR CONGRESS,,
Wisconsin,5,"Fitzgerald, Scott",Republican,House,incumbent,Y,Y,N,N,C00720011,SCOTT FITZGERALD FOR CONGRESS,,
Wisconsin,6,"Grothman, Glenn",Republican,House,incumbent,Y,Y,N,N,C00561597,GLENN GROTHMAN FOR CONGRESS,,
Wisconsin,7,"Tiffany, Thomas P.",Republican,House,incumbent,Y,Y,N,N,C00718635,"TIFFANY FOR WISCONSIN, INC.",,
Wisconsin,8,"Wied, Tony",Republican,House,freshman,Y,Y,N,N,C00875518,TONY WIED FOR CONGRESS,,
Wisconsin,Senator - At Large,"Baldwin, Tammy",Democratic,Senate,incumbent,Y,Y,N,N,C00326801,TAMMY BALDWIN FOR SENATE,,
Wisconsin,Senator - At Large,"Johnson, Ron",Republican,Senate,incumbent,Y,N,N,N,C00482984,"RON JOHNSON FOR SENATE, INC.",,
Wyoming,At Large,"Hageman, Harriet M.",Republican,House,freshman,Y,Y,N,N,C00788943,HAGEMAN FOR WYOMING,,
Wyoming,Senator - At Large,"Barrasso, John",Republican,Senate,incumbent,Y,Y,N,N,C00436386,FRIENDS OF JOHN BARRASSO,,
Wyoming,Senator - At Large,"Lummis, Cynthia M.",Republican,Senate,incumbent,Y,N,N,N,C00443580,LUMMIS FOR WYOMING INC.,,